detention_facility_code,state
ABRDNWA,WA
ABTHOLD,TX
ABRXSPA,PA
RICRANS,RI
ADACOID,ID
ADAMSWA,WA
ADAMSCO,CO
ADAMSPA,PA
ADDCOVT,VT
ADLNTCA,CA
AGAHOLD,GU
AGC,PR
AIRHOPR,PR
ALAMCNC,NC
ALMHOLD,CO
ALBANWY,WY
ALBCONY,NY
ALBHOLD,NY
ALBEMVA,VA
ABQHOLD,NM
ALEXAVA,VA
JENATLA,LA
BHCALCA,CA
ALHAMCA,CA
ALLEGNY,NY
ALLEGPA,PA
APPSCLA,LA
BOPALM,PA
BOPALF,PA
BOPALP,PA
APIBHCA,CA
AMTHOLD,TX
AGMDCCA,CA
ANCHOAK,AK
ANDROME,ME
ANGELTX,TX
AAORDMD,MD
AKPSYNJ,NJ
ANJUVMN,MN
APACHAZ,AZ
ARAPACO,CO
ARCHUCO,CO
AZDCTUC,AZ
ARDCTEX,AR
ARLCOVA,VA
AROOSME,ME
ARRMCCA,CA
AFRC,NM
NYARTHC,NY
BOPASH,KY
ATASCTX,TX
ATCHIKS,KS
ATTHOLD,TX
ATLANGA,GA
ATLHOLD,GA
ASHRSFL,FL
BOPATW,CA
AUDRNMO,MO
AURORCO,CO
AUSHOLD,TX
AVPARLA,LA
AVWOMLA,LA
IWAHOLD,AZ
CACFBAK,CA
BAKERFL,FL
BKLHOLD,CA
BALDWAL,AL
BALHOLD,MD
BANNOID,ID
BARNSMA,MA
BARRECA,CA
BASCOTX,TX
BOPBAS,TX
BAYCOFL,FL
BAYAMPR,PR
BEACOSD,SD
BOPBMP,TX
BOPBMA,TX
BOPBML,TX
BOPBMM,TX
BEAURLA,LA
BEAVRPA,PA
BVRHDMT,MT
BOPBEC,WV
BEDFOPA,PA
BEDFOOH,OH
BEDCITX,TX
BELKNNH,NH
BELCOTX,TX
BELJUTX,TX
BELPDMI,MI
BEHOSNY,NY
BLHHOLD,WA
BPHOSOH,OH
BENTCCO,CO
BENTOAR,AR
BENTOIA,IA
BENTOWA,WA
BENTOMN,MN
BERGENJ,NJ
BEJUVPA,PA
BEFAMPA,PA
BERKSPA,PA
BESECPA,PA
BRKHOLD,PA
BERNANM,NM
BWDGICA,CA
BWMARCA,CA
ISHOSNY,NY
BEXARTX,TX
BEXJUTX,TX
WCCBXTX,TX
BHCELLA,LA
BIGHOMT,MT
BIGHOWY,WY
BOPBIG,TX
BSCHOLD,TX
BILHOLD,MT
BINGHID,ID
BHMHOLD,AL
BLACKIA,IA
BLAINMT,MT
BLANCTX,TX
BLOUNTN,TN
BLOJVTN,TN
BOIHOLD,ID
BONNRID,ID
BONNEID,ID
BOONEKY,KY
BOSHOLD,MA
BPC,MA
BOTTIND,ND
BOULDCO,CO
BOUNDID,ID
BOXBUNE,NE
BOXELUT,UT
BRADEFL,FL
BRAZITX,TX
BRAZOTX,TX
BREMEIA,IA
BREVDFL,FL
BREWSTX,TX
CTBRICC,CT
MABSHOS,MA
BRINDMA,MA
BRINBMA,MA
BSAHOLD,IL
BROADMT,MT
BHFLDMI,MI
BROPDIL,IL
BROOKSD,SD
BOPBRO,NY
BROKSTX,TX
BROOKTX,TX
BROMMNY,NY
BROOMCO,CO
BROCRFL,FL
BROJAFL,FL
BRGMCFL,FL
WCCPBFL,FL
BROWNSD,SD
BRNPDMI,MI
BRULESD,SD
BRCHOLD,CO
BRYANGA,GA
BSCORTX,TX
BSCDRTX,TX
BSFLTTX,TX
BSGDFTX,TX
BSNTRTX,TX
BUCKSPA,PA
BUENAIA,IA
BTV,NY
NYBUFFC,NY
BUFHOLD,NY
BULLOGA,GA
BURLEND,ND
BURNETX,TX
BUTLEKS,KS
BUTLEOH,OH
BUTLEPA,PA
BOPBUT,NC
SILBOMT,MT
BFGHITX,TX
CBRRSNC,NC
CACHEUT,UT
CALCALA,LA
CALDWMO,MO
CALDWTX,TX
CALHOMI,MI
CAMENCE,CA
CAMENCW,CA
CACTYCA,CA
CASPSAT,CA
CASPCAL,CA
CALLAMO,MO
CAMBRPA,PA
CAMDENJ,NJ
CAMERTX,TX
DODGEIA,IA
CAMCOWY,WY
CANADOK,OK
CANYNID,ID
CARBOPA,PA
CARBOWY,WY
CARROMD,MD
BOPCRW,TX
CARTEOK,OK
CARJAMN,MN
CAJUVMN,MN
CGRMCAZ,AZ
CASSJCA,CA
CASCAMT,MT
CSYJVNY,NY
CSPHOLD,WY
CASSCIA,IA
CASSCND,ND
CASSCNE,NE
CATAHLA,LA
CATTANY,NY
CAYUGNY,NY
CCFAMNV,NV
CCADCAZ,AZ
CCAFLAZ,AZ
CACFLEO,CA
CADCCAL,CA
CEDARNE,NE
CRIHOLD,IA
CEMEDFL,FL
CNTGRIL,IL
CAMEDAZ,AZ
CENTRWV,WV
WACLATX,TX
CVREGVA,VA
CENTRPA,PA
CMEDHPR,PR
CRTOSCA,CA
CHAFFCO,CO
CHARLSD,SD
CHARLSC,SC
CHLHOLD,SC
CHAHOLD,VI
CHRLTFL,FL
CLTHOLD,NC
CHASEKS,KS
CHATHGA,GA
CNGHOLD,TN
CHACONY,NY
CHAVENM,NM
CHELAWA,WA
CHEMUNY,NY
CHEROAL,AL
CHEROOK,OK
CHEROGA,GA
CHEROIA,IA
CHESTPA,PA
CHEYENE,NE
CHYHOLD,WY
BOPCCC,IL
CHIPPMI,MI
MICHIRE,MI
VTCHTDN,VT
CHOUTMT,MT
CHRISMO,MO
CHRISKY,KY
CIBOCNM,NM
CIBOLNM,NM
CITRUFL,FL
CLARIPA,PA
CLARKID,ID
CLJUVWA,WA
CLAJUIN,IN
CLARKWA,WA
CLARKIA,IA
CFREDVA,VA
CLATSOR,OR
CLAYCMN,MN
CLACOMO,MO
CLACOSD,SD
CLAYCFL,FL
CLAYCIN,IN
CLEARCO,CO
CLEARPA,PA
CLEHOLD,OH
NYCLINC,NY
CLINTPA,PA
CLINTIN,IN
CLICONY,NY
CLINTIA,IA
CBENDTX,TX
COBBJGA,GA
COJUVAZ,AZ
COCHIAZ,AZ
COCONAZ,AZ
CODINSD,SD
BOPCOL,FL
COLESIL,IL
COLFANE,NE
COLLIFL,FL
CODCCSP,CO
COLOMNY,NY
COMHICO,CO
COLQUGA,GA
COLCASC,SC
COLUMPA,PA
COLUMOR,OR
CFALSMT,MT
CKHOSFL,FL
COAHOLD,SC
CLMHOLD,OH
COMALTX,TX
COMFTFL,FL
CMPJVNY,NY
CONCOLA,LA
CONEJCO,CO
CONCOCA,CA
CONWECA,CA
CONVEWY,WY
CCHOSIL,IL
CCHHSIL,IL
AKCOOKI,AK
COOKETX,TX
COOSCOR,OR
CCALEKS,KS
CTCORCI,CT
CORCONY,NY
CORTYTX,TX
COSTACA,CA
COSTICO,CO
COWLIWA,WA
COWJVWA,WA
CRGHOLD,CO
CRAWFIA,IA
CRAWFMI,MI
CROWGMN,MN
CRYCCTX,TX
CSCSFGA,GA
CASPSAC,CA
CASPSOL,CA
CATFSOL,CA
CULBETX,TX
CULPEVA,VA
NEW608,NC
CUMBEME,ME
CUMBEIL,IL
BOPCUM,MD
CURRYNM,NM
CUSTEMT,MT
DADECFL,FL
DAKOTNE,NE
BOPDAL,TX
VTDCORR,VT
HAILEID,ID
DALCOTX,TX
DALCOIA,IA
DALHOLD,TX
BOPDAN,CT
DANCOWI,WI
DAPHNAL,AL
DAUPHPA,PA
DAVIDTN,TN
DAVISUT,UT
DAVISSD,SD
DAWSOMT,MT
DAWSONE,NE
DCDOCDC,DC
DEAPDMI,MI
DEKALAL,AL
DEKALGA,GA
DEKABAL,AL
DLAMOCA,CA
DLRHOLD,TX
DHDFNJ,NJ
DELAWPA,PA
DELWAOH,OH
DELAWNY,NY
DELTACO,CO
DENTOTX,TX
DENCICO,CO
DENICDF,CO
DENVECO,CO
DNHMCCO,CO
DENHOLD,CO
DEPCOGU,GU
GUDOCHG,GU
DEPYOGU,GU
DSMHOLD,IA
DESCHOR,OR
DSRTVCA,CA
DVPSYAZ,AZ
BOPDEV,MA
DEVILND,ND
DEWITIL,IL
DICKETX,TX
WIDODGE,WI
DODGEWI,WI
DODGENE,NE
DVHOSTX,TX
DONAANM,NM
DORCHMD,MD
DOUGLWI,WI
DOUGLMN,MN
DOUGLOR,OR
DOCORNE,NE
DUGLSCO,CO
DOUGLCO,CO
DVDHOLD,DE
DRURYCO,CO
BOPDUB,CA
DUPAGIL,IL
DURHOLD,CO
DUVALFL,FL
EAGLECO,CO
EBATOLA,LA
EFELILA,LA
EHDLGTX,TX
EMESACA,CA
WVEASTR,WV
EASTEVA,VA
ELJUVCA,CA
ECOLOWA,WA
ECTORTX,TX
EDDCONM,NM
EDENDTX,TX
EDCHOLD,TX
BOPEDG,SC
ECC,CA
BOEHOLD,TX
ELPASCO,CO
ELPCOTX,TX
ELPHOLD,TX
EPCJUVI,TX
EPC,TX
BOPERE,OK
ELBERCO,CO
ELGPDIL,IL
ELZICDF,NJ
BOPELK,OH
ELMORID,ID
EAZ,AZ
ELYRIOH,OH
EMBSYCO,CO
EMMETIA,IA
BOPENG,CO
EQXJVNY,NY
EIRCONY,NY
ERICONY,NY
EIRHONY,NY
ERICOPA,PA
ECMCBNY,NY
ESCAMAL,AL
ESSEXMA,MA
ESSEXNJ,NJ
ESSEXNY,NY
BOPEST,SC
ETOWAAL,AL
ETWHOLD,AL
EUGHOLD,OR
EULESTX,TX
AKFAIRB,AK
FXADCVA,VA
FAICOVA,VA
BOPFAI,NJ
FAULKSD,SD
FAULKAR,AR
FAYETKY,KY
FAYETTX,TX
BOPGIL,WV
BOPVIM,CA
FERRYWA,WA
FINNEKS,KS
FIVECOH,OH
FLATHMT,MT
BOPFLM,CO
BOPFLF,CO
FLO,AZ
FSF,AZ
BOPFLP,CO
FLOYDIN,IN
JAMESGA,GA
FORDJKS,KS
FORDJIL,IL
BOPFOR,AR
FORKSWA,WA
FORSYNC,NC
FTBENTX,TX
BOPFTD,NJ
FTLAUFL,FL
FMYHOLD,FL
FSAHOLD,AR
BOPFTW,TX
FRANKWA,WA
FRANKKY,KY
FRANKNC,NC
GREENMA,MA
FRACONY,NY
FRANKME,ME
FRACOVT,VT
FREDEMD,MD
FCOHOLD,CO
FRDHOLD,CO
FREEBMN,MN
FREESTX,TX
FREMOID,ID
FREMOCO,CO
FREMOWY,WY
FREMOIA,IA
FRECOCA,CA
FREHOLD,CA
FRIOCTX,TX
FRONTNE,NE
FULCONY,NY
GALLAMT,MT
GARFICO,CO
CTGARCI,CT
GARVIOK,OK
GASTNNC,NC
GEAUGOH,OH
GENESNY,NY
GENEVOH,OH
BAILECA,CA
IAHSFTX,TX
GABAPGA,GA
GILAJAZ,AZ
GIJUVAZ,AZ
GILLITX,TX
GILPICO,CO
GLADEFL,FL
GLADEF2,FL
GLEPDCA,CA
GLENNCA,CA
GSCHOLD,CO
GLOUCNJ,NJ
GONZATX,TX
GOOD,MN
GOODHMN,MN
GOSHEWY,WY
GRAHAAZ,AZ
GRANDCO,CO
GFJUVND,ND
GFCORND,ND
GRFHOLD,ND
GRIHOLD,NE
GJCHOLD,CO
GRMHOLD,MI
GRANTWA,WA
GRANTOR,OR
GRYDCKY,KY
GRAYSKY,KY
GPCHOLD,OK
GRECONY,NY
GREENMO,MO
BOPGRE,IL
GRRHOLD,SC
GREGGTX,TX
GRIMETX,TX
GUADATX,TX
BOPGUA,PR
GUNNICO,CO
GWINNGA,GA
HANMNPA,PA
HASHENE,NE
HALLJGA,GA
HAMILTN,TN
HAMILKS,KS
HAMPDMA,MA
HRREGVA,VA
HANCOMS,MS
HANCOME,ME
HARDJIA,IA
HARLANE,NE
HLGHOLD,TX
HMCHOTX,TX
HSF,TX
HARPEKS,KS
HARRIGA,GA
HCPSYTX,TX
HBGHOLD,VA
HARFOCT,CT
HARHOLD,CT
NEHASTI,NE
HAYCOTX,TX
HAJUVTX,TX
HELHOLD,MT
HENDENC,NC
HENDENV,NV
HENHOLD,NC
HENDRFL,FL
HEADCMN,MN
HENRIVA,VA
HENRYGA,GA
HERKINY,NY
CAYTHGS,CA
HERNAFL,FL
HIDALNM,NM
HIDALTX,TX
AKHIGHL,AK
HILLCMT,MT
HICOJFL,FL
HILLSNH,NH
HOKLYTX,TX
HOLINNY,NY
HLYCHIL,IL
BOPHON,HI
HPBRGTX,TX
CAHGIRL,CA
CAHBOYS,CA
HOSPSPR,PR
HOTSPWY,WY
HOUICDF,TX
HOUHOLD,TX
HOWARMD,MD
HUDSONJ,NJ
HUDSPTX,TX
HUERFCO,CO
HUGHESD,SD
HUMBOIA,IA
TXHUNTS,TX
CCAHUTX,TX
IBERILA,LA
IEPHOLD,TX
IFIHOLD,ID
FRMVLVA,VA
IMPCOCA,CA
IRADFCA,CA
INPHOLD,IN
CHIHOLD,IL
HHWHOLD,HI
QUEICDF,NY
IONIAMI,MI
IRWINGA,GA
ISABEMI,MI
JHRWLTX,TX
JACKSOR,OR
JACKSTX,TX
JAJUVOR,OR
JMHOSFL,FL
JAKHOLD,MS
JAXHOLD,FL
MUSIKCA,CA
JAJUVMO,MO
JEFFEMT,MT
JEFFEKS,KS
JEFFECO,CO
JEFFEOK,OK
JEFFEID,ID
JEFFENY,NY
JEFFEIL,IL
JEFFETX,TX
JWYTHWY,WY
JENADLA,LA
JENNIMO,MO
JEROMID,ID
BOPJES,GA
MONTGTX,TX
JOHNSTX,TX
JOHNSNE,NE
JOHNSNC,NC
JOSEPOR,OR
JUABCUT,UT
KALAMMI,MI
KANDIMN,MN
KANKEIL,IL
KANHOLD,MO
KCCDCTX,TX
KARNETX,TX
KRNRCTX,TX
KEACOKS,KS
KEICONE,NE
KENDATX,TX
KENNEME,ME
KENNEGA,GA
KENOSWI,WI
KENOSW2,WI
KENTCMI,MI
KENTOKY,KY
SUSSENJ,NJ
KERCOCA,CA
KERCOTX,TX
KEJUVTX,TX
AKKETCH,AK
KIMBANE,NE
KIMBLTX,TX
KINCOWA,WA
KINGMKS,KS
KCHOSNY,NY
KINNETX,TX
KITCACO,CO
KITTIWA,WA
KLAMCOR,OR
KNXHOLD,TN
KODIAAK,AK
KOOTEID,ID
KOSSUIA,IA
KROHOLD,FL
KRO,FL
KRHUBFL,FL
LAPAZAZ,AZ
LAPLACO,CO
LSRDCTX,TX
LACKAPA,PA
LAFAYLA,LA
CTLAFSL,CT
LAKCOMT,MT
LAKEJCO,CO
LKWDSMN,MN
LKLNDLA,LA
LANCANE,NE
LANECOR,OR
LAPEEMI,MI
LARCOWY,WY
LRDHOLD,TX
LRDICDF,TX
LARIMCO,CO
LRKNHFL,FL
LASANCO,CO
LASWOCA,CA
LVGCINV,NV
LVGHOLD,NV
LASALTX,TX
LARELKY,KY
LAWRESD,SD
LAWREPA,PA
LEACONM,NM
BOPLVN,KS
LEECJIL,IL
LEECOTX,TX
LEHIGPA,PA
AKLEMON,AK
LSHOSMA,MA
LEWISMT,MT
LEWISNY,NY
BOPLEW,PA
LEXINSC,SC
BOPLEX,KY
LIMESTX,TX
LINCOMO,MO
LINCOWY,WY
LINCONE,NE
LINCOCO,CO
LINCOME,ME
TXSJWDM,TX
LINNCOR,OR
LINNJIA,IA
LRAHOLD,AR
LIVINNY,NY
LOGANCO,CO
LLUMCCA,CA
BOPLOF,CA
BOPLOM,CA
LONOKAR,AR
LONPDAR,AR
BOPLOR,PA
LOSCJCA,CA
LOSHOLD,CA
BOPLOS,CA
LSFHOLD,TX
LOSPACA,CA
LOUCOVA,VA
LOUHOLD,KY
LDFHOLD,CO
LYOLAIL,IL
LOYMCIL,IL
LUBBOTX,TX
LBKHOLD,TX
LUFKNTX,TX
LUNCONM,NM
LIRSJUV,MD
LYONCMN,MN
LYONJIA,IA
MACCOMI,MI
MACONIL,IL
MADISMS,MS
MADISID,ID
MADISNE,NE
MADISNY,NY
MADISIA,IA
MADISLA,LA
MAHONOH,OH
MEYTHCT,ME
MALHCOR,OR
MANATFL,FL
BOPMAN,KY
MANHOLD,NH
MANSFTX,TX
CTMANYI,CT
MAPLEOH,OH
BOPMNA,FL
MCFAJAZ,AZ
DURJFAZ,AZ
MCESTAZ,AZ
MCLBJAZ,AZ
MCMEDAZ,AZ
MCTOWAZ,AZ
MARINCA,CA
NEW0600,KY
MARICOR,OR
MARIOIN,IN
BOPMAR,IL
MARSHMN,MN
MARSHIA,IA
MARTIFL,FL
MARTIWA,WA
MASONWA,WA
AKMATSU,AK
MAVERTX,TX
MCCLETX,TX
BOPMCR,KY
MCHENIL,IL
MCINTGA,GA
BOPMCK,PA
MCKINNM,NM
AKMCYOU,AK
MCCDCTX,TX
WAMCNEI,WA
BOPRAE,GA
MCMADAZ,AZ
MCSPEAZ,AZ
MEADESD,SD
MECKLNC,NC
MEDHOLD,OR
MEDINTX,TX
MEDINOH,OH
MEJUVTX,TX
BOPMEM,TN
MEMHOLD,TN
MEMPHTN,TN
MERCECA,CA
MERCEPA,PA
MERRINH,NH
MESJACO,CO
CACFMES,CA
METROFL,FL
MIAHOLD,FL
BOPMIA,FL
BOPMIM,FL
MSF,FL
MIDBIMA,MA
MIDDLNJ,NJ
MIDLATX,TX
MLDHOLD,TX
BOPMIL,MI
MILLRAR,AR
MILHOLD,WI
WIMILSD,WI
MINERMT,MT
MINICID,ID
MINNESD,SD
MIJUVSD,SD
MNCOAKC,MN
MNCFRUS,MN
MNCFSTW,MN
LANCACA,CA
MISCOMO,MO
MISSOMT,MT
MOFFECO,CO
MOHAVAZ,AZ
MONMONJ,NJ
MONONIA,IA
MONROFL,FL
MNROEMI,MI
MONROMI,MI
MONRONY,NY
MOYOUMI,MI
MONTECA,CA
MTPPDCA,CA
MONTECO,CO
MONCJAL,AL
MNTGMAL,AL
MONTGPA,PA
MONTGNY,NY
MONTGMO,MO
MONTGAL,AL
MGAHOLD,AL
MONTRCO,CO
MORGNMO,MO
MORGACO,CO
MORRINJ,NJ
MOROWOH,OH
MOUNTND,ND
MCJUVOH,OH
MULTNOR,OR
MUSCAIA,IA
MUSSEMT,MT
BOPCNV,TN
NSVHOLD,TN
NASSANY,NY
NASSAFL,FL
NATROWY,WY
NAVSOAZ,AZ
NAVARTX,TX
NVSDCNV,NV
NHSPWOM,NH
NHSPCON,NH
NWHNVNC,NC
NOLHOLD,LA
BOPNYM,NY
NEWHOLD,NJ
NEWTOTX,TX
NIAGANY,NY
NIACINY,NY
NIOBRWY,WY
NOBLEMN,MN
MIRPNOG,AZ
NORFOVA,VA
NORFOMA,MA
NORHOLD,VA
NBRMCFL,FL
NCDOCRA,NC
NOCPDIL,IL
NONOLCA,CA
NGDCTGA,GA
NOLVGNV,NV
NRPHOLD,NE
NOROYOH,OH
CTNEACI,CT
NEJUVNE,NE
CCANOOH,OH
CTNRNCI,CT
MENMJUV,ME
NNREGVA,VA
NVNORCC,NV
NORCOOR,OR
NOJUVOR,OR
WVNORTH,WV
VTDCOR2,VT
NVJDCVA,VA
CSCNWWA,WA
NWREGVA,VA
VTSTALB,VT
NWSCFVT,VT
NUECETX,TX
NYCHOLD,NY
NYEPANV,NV
BOPOAK,LA
OAK,LA
BOPOAD,LA
OAKHOLD,LA
OAKLACA,CA
OBRIJIA,IA
ODESSTX,TX
OGUHOLD,UT
NYOGDNC,NY
OGLECIL,IL
OKANOWA,WA
OKCHOLD,OK
OKCOJOK,OK
BOPOKL,OK
OKMULOK,OK
OLDHAKY,KY
OLMSTMN,MN
NEOMAHA,NE
OMAHOLD,NE
ONEIDID,ID
ONECONY,NY
ONONDNY,NY
ONTARNY,NY
OGCMCCA,CA
OCCWJCA,CA
OCIRCCA,CA
ORANGFL,FL
ORANGNY,NY
ORLHOLD,FL
NYORLNC,NY
ORLEAVT,VT
ORLEANY,NY
OPJUVLA,LA
ORPARLA,LA
ORPARL2,LA
OSAHOKS,KS
CTOSBCI,CT
OSWEGNY,NY
CCASDCA,CA
OTERONM,NM
OTEROCO,CO
OTROPNM,NM
OTRPCNM,NM
BOPOTV,NY
OTOECNE,NE
OTSEGNY,NY
OTTAWMI,MI
OXFORME,ME
BOPOXF,WI
OZAUKWI,WI
PALMBFL,FL
PLRMCCA,CA
AKPALMC,AK
PMHOSFL,FL
PLMBHTX,TX
PWHOSFL,FL
PAMREVA,VA
PARKCMT,MT
PARKCWY,WY
PARKJCO,CO
PASADCA,CA
PASSANJ,NJ
PAULDGA,GA
PAVHRPR,PR
PDNHOLD,TX
PECOSTX,TX
PCSHOLD,TX
BOPPEK,IL
PEMBIND,ND
PENDOWA,WA
PENNIMN,MN
PENNISD,SD
PENOBME,ME
PCJDCIL,IL
PERRYAL,AL
PERRYIL,IL
AZSPPER,AZ
BOPPET,VA
PHELPNE,NE
PHIHOLD,PA
PHILLMT,MT
PHOHOLD,AZ
BOPPHX,AZ
PICKJOH,OH
PIEPDOK,OK
PMREGVA,VA
PIERCNE,NE
PIKCOPA,PA
PKEHOLD,PA
PIMAJAZ,AZ
PINALAZ,AZ
PINEPLA,LA
PINELFL,FL
PISCAME,ME
PITKICO,CO
PITHOLD,PA
PLAQULA,LA
PLATTMO,MO
PLATTWY,WY
PLATTNE,NE
PLYMOMA,MA
PTCOULA,LA
POLKCTX,TX
POLKJFL,FL
POLKCMN,MN
POLKJIA,IA
BOPPOL,LA
POMONCA,CA
PONDEMT,MT
PIC,TX
POOHOLD,OR
POMHOLD,ME
PORTSVA,VA
POTTAIA,IA
POWDRMT,MT
POWERID,ID
PRLDCTX,TX
PRLHOLD,TX
PRESITX,TX
PWILLVA,VA
PRUHOLD,UT
PROWECO,CO
PUEBLCO,CO
PUEHOLD,CO
PULASKY,KY
PULASIL,IL
QLTYGCO,CO
QLTYSCA,CA
QUEHONY,NY
RACINWI,WI
RDUHOLD,NC
HOTELMA,MA
RAADCMN,MN
RAJAIMN,MN
RNDLLTX,TX
RAPPSVA,VA
RAVALMT,MT
BOPRBK,NY
RRFINWA,WA
Redacted,Redacted
REJUVTX,TX
REDETTX,TX
REJAITX,TX
REGJCWA,WA
REMEDMN,MN
RENOJKS,KS
RENOYKS,KS
RENHOLD,NV
RENSSNY,NY
RICECKS,KS
RICECMN,MN
RICHMVA,VA
RCMHOLD,VA
RIKISNY,NY
RIOBLCO,CO
RIOCCCA,CA
RIOGRCO,CO
RGRNDTX,TX
RGHOSTX,TX
RGS,TX
REHOSIL,IL
RIVERCA,CA
RSREGVA,VA
CACFDON,CA
RONKEVA,VA
ROANOVA,VA
ROBERSD,SD
ROBERTN,TN
CTROBCI,CT
BOPRCH,MN
RCKISIL,IL
ROCKIIL,IL
RIIHOLD,IL
RRIVRIL,IL
ROCKINH,NH
ROCKIVA,VA
ROCCOTX,TX
HASKLTX,TX
ROSEAMN,MN
ROSEBMT,MT
ROUNDPA,PA
ROUTTCO,CO
RUNLSTX,TX
RUTJVTN,TN
RUTHETN,TN
SDPROCA,CA
SFJUVOK,OK
SACCOIA,IA
SACRACA,CA
SACHOLD,CA
BOPSAF,AZ
SAGUACO,CO
STAHOLD,VT
STCLAMI,MI
SGUHOLD,UT
STTAMLA,LA
MPSIPAN,MP
SAIHOLD,MP
SALEMNJ,NJ
SALINKS,KS
SLCHOLD,UT
SLSLCUT,UT
SLOXBUT,UT
SAMBCMI,MI
SAGHOLD,TX
SNAHOLD,TX
SBDHOLD,CA
SBERNCA,CA
JHALLCA,CA
SDHOSCA,CA
SNDCOCA,CA
SNDHOLD,CA
BOPSDC,CA
SFCOJCA,CA
SJCOJCA,CA
SJUHOLD,PR
SJUANNM,NM
SJS,PR
SAJHOLD,PR
SLOBICA,CA
SLRDCAZ,AZ
SMATECA,CA
SMJUVCA,CA
SANMINM,NM
SNMGLCO,CO
SANPATX,TX
SPHOSCA,CA
SPP,CA
SANDONM,NM
BOPSST,MN
SANJAIL,IL
SACITCA,CA
SANANCA,CA
SAAHOLD,CA
SBARBCA,CA
SCMENCA,CA
SCSOUCA,CA
SCNORCA,CA
SCRUZAZ,AZ
SCRUZCA,CA
SFCORNM,NM
SANTANM,NM
SRITACA,CA
SARASFL,FL
SARPYNE,NE
SARJUNE,NE
SSMHOLD,MI
CACCJAM,CA
SCHNENY,NY
SCHOHNY,NY
BOPSCH,PA
SCOTTMO,MO
SCOTTMN,MN
SCOTTNE,NE
BOPSEA,TX
MISS557,CA
BOPSET,WA
SEAICDF,WA
SEAHOLD,WA
SEBASAR,AR
SEBJVAR,AR
SEDGWKS,KS
SENECNY,NY
SENECOH,OH
SEWARKS,KS
SFRHOLD,CA
SHACOKS,KS
SHAJUKS,KS
SHELBTN,TN
SHELBKY,KY
SHECOVA,VA
SHERBMN,MN
SHERIMT,MT
SHERIWY,WY
BOPSHE,OR
SHOSHID,ID
VVSHOLD,LA
SILERTN,TN
SIMPSMS,MS
SXCHOLD,IA
SIOUXIA,IA
SFDHOLD,SD
SITKAAK,AK
SRJDFID,ID
SNJHOLD,CA
SNYDEPA,PA
SOLONOH,OH
SOMERPA,PA
SOMERME,ME
SOBAYCA,CA
WVSCENT,WV
BASILLA,LA
STCDFTX,TX
STFRCTX,TX
STHOSTX,TX
STDHOLD,TX
SOUTECO,CO
SPOKAWA,WA
SPRNGOR,OR
SPGHOLD,MO
BOPSPG,MO
STJOSMI,MI
STJOSAZ,AZ
STLAWNY,NY
STMARCA,CA
STMARAZ,AZ
STCANVI,VI
STCLAMO,MO
STCROWI,WI
SEH,DC
STFRAMO,MO
STJOSIN,IN
STJOSCA,CA
STLHOLD,MO
SLJUVMO,MO
STMDPLA,LA
SMPARLA,LA
SMCORLA,LA
SMMEDLA,LA
STMRYIL,IL
SMARYMD,MD
STTCJVI,VI
STCGOVI,VI
STANTKS,KS
STARKOH,OH
STARRTX,TX
AKCCANC,AK
STEUBNY,NY
STEVEWA,WA
STWRTGA,GA
STK,CA
STONEMO,MO
STOPDIL,IL
STORYIA,IA
STRAFNH,NH
STUHOLD,FL
STUTSND,ND
SUFFONY,NY
SUFFOMA,MA
SULPHLA,LA
SUMMICO,CO
SUMMIUT,UT
SUNNYWA,WA
SUSSEDE,DE
SWEETMT,MT
SWEETWY,WY
BOPTDG,AL
TALHOLD,FL
TAMHOLD,FL
TANGILA,LA
TARRATX,TX
MATSHOS,MA
TAYLOTX,TX
TAYLOIA,IA
TAYPDMI,MI
TXDCWOM,TX
TXDOMIN,TX
TEHAMCA,CA
TELLECO,CO
TEMPLCA,CA
TENSALA,LA
BOPTHA,IN
TETONWY,WY
MATEWKS,MA
TEXARAR,AR
BOPTEX,TX
BRIJUTX,TX
TLACYCA,CA
THOMAKS,KS
TXSJHAV,TX
BOPTRV,TX
THURSWA,WA
THURSNE,NE
TILLCOR,OR
TIOGANY,NY
TITUSTX,TX
TGREETX,TX
SANTACR,AZ
TOOELUT,UT
TOOLEMT,MT
TOORANM,NM
TRAILND,ND
TRAVITX,TX
TRENTMI,MI
TRICOIL,IL
TRUMBOH,OH
BOPTCN,AZ
TUCHOLD,AZ
TULCOOK,OK
TGKJLFL,FL
TUSCAOH,OH
TFALLID,ID
TFIHOLD,ID
DETHOLD,MI
UINTAWY,WY
UINTCUT,UT
NYULSTC,NY
ULSCONY,NY
UMATCOR,OR
DUTCHAK,AK
UNIONNM,NM
UNIONSD,SD
UNIONIA,IA
UMIAHFL,FL
UPSHUTX,TX
UPSTANY,NY
SPMHOLD,MN
USMCO,CO
USMMD,MD
USMOR,OR
USMS3TX,TX
USMWDTN,TN
USMW1TX,TX
USMSDFL,FL
USMMDNC,NC
USMSDMS,MS
USMVT,VT
USMWDLA,LA
BOPTCP,AZ
BOPCAA,PA
UTAHCUT,UT
VALVETX,TX
VALJUTX,TX
VBHOSTX,TX
VANBUMI,MI
VNBRNMI,MI
VANCCO,CO
VRK,NY
PRVEGAL,PR
VENTUCA,CA
VENHOLD,CA
VERMILA,LA
VVGMCCA,CA
VICTOTX,TX
VIRBEVA,VA
VADCORR,VA
VPREGVA,VA
VISTACA,CA
WCCSDCA,CA
WCTHOLD,TX
WAKECNC,NC
WAKULFL,FL
WALDOME,ME
WALKEGA,GA
WALKETX,TX
WALSHND,ND
MIWPRPH,MI
WALWOWI,WI
WAPLOIA,IA
WARCOTX,TX
WARDCND,ND
WARREMO,MO
WARREKY,KY
WASATUT,UT
BOPWAS,MN
WASHAWY,WY
WASHINE,NE
WASHIPA,PA
WAJUVMN,MN
WASHIMD,MD
WASHIAR,AR
WAJAIMN,MN
WASHICO,CO
WASHIME,ME
WASCONY,NY
WASHCIA,IA
WASHCUT,UT
WASHOLD,VA
WASHONV,NV
WASHTMI,MI
WSYOUMI,MI
WAUKEIL,IL
WAUKEWI,WI
WAYNENY,NY
WAYNEOH,OH
WEBCOTX,TX
WEBDCTX,TX
WEBERUT,UT
WELDJCO,CO
WBATOLA,LA
WCJUVOH,OH
WOAKSTX,TX
WTXDFTX,TX
WVREGWV,WV
WSTMCCA,CA
WESPDIL,IL
TNWESDF,TN
WTREGVA,VA
WESHOLD,CA
WMLNDPA,PA
WHARTTX,TX
WMHOSCA,CA
WHITEMT,MT
WHITFGA,GA
WHICOWA,WA
WICHOLD,KS
WICOMMD,MD
AKWILPT,AK
AKWILCC,AK
WCRDFTX,TX
WILLCTX,TX
WAYNEMI,MI
WILLITX,TX
WILLITN,TN
WILSOTX,TX
HVHOSFL,FL
WINCOTX,TX
WNBGOIL,IL
WDMIAFL,FL
WOODBIA,IA
WOJUVIA,IA
WORCEMD,MD
WRIGHMN,MN
WRIGHIA,IA
WYATTRI,RI
WYMCONY,NY
YIKIMWA,WA
YAKHOLD,WA
YAMCOOR,OR
YANCOSD,SD
YATESNY,NY
YAVCVAZ,AZ
YAVAPAZ,AZ
BOPYAZ,MS
BOPYAM,MS
YELLOMT,MT
YELYSMT,MT
CTYORCI,CT
YORCOSC,SC
YORKCME,ME
YORCOPA,PA
YUBAJCA,CA
MIRPYUM,AZ
YUMAJCO,CO
YUMAJAZ,AZ
YUJUVAZ,AZ
YUMHOLD,AZ
ZAPCOTX,TX
ZAVCOTX,TX
ADAIRKY,KY
ADAMSMS,MS
ALAMOCO,CO
ALAMOTX,TX
ALLENIN,IN
ANDRWTX,TX
ARTESNM,NM
ARTSINM,NM
ASHECNC,NC
AZSPFLO,AZ
AZSVCPC,AZ
BLBNATX,TX
BOPLTL,TX
BOPMRG,WV
BOPNEO,OH
BOSSRLA,LA
BRANCMI,MI
BROWNWI,WI
BRWNSTX,TX
BSQUETX,TX
BXCHSNY,NY
CACFMCF,CA
CADESVI,CA
CAIRONW,CA
CARDFVA,VA
CAWVALL,CA
CBPCHLV,CA
CBPSYS,CA
CHENANY,NY
CHMCINY,NY
CHMHOLD,NY
CINHOLD,OH
CIPHOLD,NY
COOCONH,NH
CSDHOLD,CO
DECCSMY,DE
DENIICO,CO
DIIHBMD,MD
DSMCNTX,TX
DULHOLD,MN
ECLECTX,TX
EDNBGTX,TX
EDNDCTX,TX
EDNHOLD,TX
ELKHAIN,IN
ELVDFTX,TX
EMBCRNC,NC
EPBHSTX,TX
EPLTATX,TX
FCLT8CA,CA
FIPCAGA,GA
FLBAKCI,FL
FLBHCFL,FL
FLDADCI,FL
FLHOSFL,FL
FLMARIC,FL
FLOYDGA,GA
FLSPSTA,FL
FRFLDWY,WY
GADRYJM,GA
GCLECOK,OK
HARDEFL,FL
HDLGOTX,TX
HENDETX,TX
HNRMCFL,FL
HRLGNTX,TX
IBPSMIA,FL
ILPICKN,IL
INDCMIC,IN
JCRLYTX,TX
JFKTSNY,NY
JHMCJNY,NY
JKPCCLA,LA
JYCMCNJ,NJ
KANECIL,IL
KCOJFOK,OK
KNXDFTN,TN
LAFERTX,TX
LAKMCFL,FL
LAVACTX,TX
LAWINCI,LA
LFRESTX,TX
LPAPSAZ,AZ
LPD77CA,CA
LPLCCAZ,AZ
LRKBHFL,FL
LRKMCFL,FL
LTVHOLD,VA
MARTNTX,TX
MEMRHFL,FL
MERCEIL,IL
MERCYFL,FL
MLJHOLD,NJ
MRCDSTX,TX
MSKGNMI,MI
MTGHOLD,TX
MTGPCTX,TX
NASHUMA,MA
NATCHLA,LA
NFMIGFL,FL
NFSMTGA,GA
NIXHCTX,TX
NWRCCMN,MN
NYADIRC,NY
NYFISHC,NY
NYMOHOC,NY
OGRMCNY,NY
OLACCLA,LA
PENDRNC,NC
PIERCND,ND
PLMVWTX,TX
PROHOLD,RI
PRYCOAL,AL
PTISBTX,TX
RADDFGA,GA
REDHOLD,CA
RMKHOLD,VA
RSWHOLD,NM
RVRCCLA,LA
RWCCMLA,LA
SALHOLD,MD
SALINNE,NE
SBNTOTX,TX
SCOTTIA,IA
SISAONE,NE
SJUANTX,TX
SLJUVCA,CA
SONMACA,CA
SPIPDTX,TX
TALLAMS,MS
THPSCTX,TX
TORHOLD,TX
TULHOLD,OK
UMCEPTX,TX
USMS2TX,TX
UVALDTX,TX
WKBHMFL,FL
NA,NY
ALBIBCF,AL
ALBTVAL,AL
ALDEPOC,AL
ALKLBCF,AL
ALLIMCF,AL
ALVENCF,AL
ALWHOLD,AL
ALXNDAL,AL
ARBPDAL,AL
AUTAUAL,AL
BARBRAL,AL
BLDJVAL,AL
BLOUNAL,AL
BULLOAL,AL
BYLBTAL,AL
BZCTYAL,AL
CALCOAL,AL
CHAMBAL,AL
CHLTNAL,AL
CLACOAL,AL
CLARKAL,AL
CLBRNAL,AL
CLBRTAL,AL
CNCUHAL,AL
COFFEAL,AL
COOSAAL,AL
COVINAL,AL
CRNSHAL,AL
CULMNAL,AL
DALASAL,AL
DALECAL,AL
DCATRAL,AL
DOTHNAL,AL
ELMORAL,AL
FOLEYAL,AL
FRANKAL,AL
FRHOPAL,AL
FTPAYAL,AL
GENVAAL,AL
GLFSHAL,AL
GNTRSAL,AL
HALECAL,AL
HENRYAL,AL
HOMWDAL,AL
HOOVRAL,AL
HUSTNAL,AL
JACKSAL,AL
JEFFEAL,AL
JSPERAL,AL
LAMARAL,AL
LAUDEAL,AL
LAWREAL,AL
LEECOAL,AL
LIMESAL,AL
LWNDSAL,AL
MACONAL,AL
MADISAL,AL
MARIOAL,AL
MOBILAL,AL
MOBLEAL,AL
MORGAAL,AL
MRNGOAL,AL
MRSHLAL,AL
NRTHPAL,AL
OBECHAL,AL
OXFRDAL,AL
PELHAAL,AL
PIKCOAL,AL
PIKNSAL,AL
RANDOAL,AL
RBCPDAL,AL
RBRDLAL,AL
RSLVLAL,AL
RUSSLAL,AL
SCOTTAL,AL
SHELBAL,AL
SRLNDAL,AL
STCLAAL,AL
TLDGAAL,AL
TLPSAAL,AL
TUSCAAL,AL
USMMDAL,AL
WALKEAL,AL
WASHIAL,AL
WILCXAL,AL
WNSTNAL,AL
AVOPDAZ,AZ
AZADOJF,AZ
AZDCFTG,AZ
AZDCMAR,AZ
AZDCPHO,AZ
AZDCSAF,AZ
AZSCDOU,AZ
AZSPALH,AZ
AZSPKNG,AZ
AZSPLEW,AZ
AZSPWST,AZ
GLENJAZ,AZ
GRAHMAZ,AZ
GRNLEAZ,AZ
MCDURAZ,AZ
MESHFAZ,AZ
PAGEJAZ,AZ
PMAJVAZ,AZ
SCJUVAZ,AZ
SCOTJAZ,AZ
SCOTVAZ,AZ
SEMCJAZ,AZ
SWKVGAZ,AZ
TEMPJAZ,AZ
USMFLG,AZ
USMPHO,AZ
USMTUC,AZ
USMYUM,AZ
ARBISJC,AR
ARDCBEN,AR
ARDCCUM,AR
ARDCDEL,AR
ARDCDIA,AR
ARDCGRI,AR
ARDCMCP,AR
ARDCNCU,AR
ARDCPBU,AR
ARDCTUC,AR
ARDCVAR,AR
ARDCWRI,AR
AREAREG,AR
ARKCYAR,AR
ARSWDOC,AR
ASHLYAR,AR
BAXTEAR,AR
BOONEAR,AR
BOPFOM,AR
CALHOAR,AR
CARROAR,AR
CHICOAR,AR
CLARKAR,AR
CLAYCAR,AR
CLEBUAR,AR
CLEVEAR,AR
COLUMAR,AR
CONWAAR,AR
CRAIGAR,AR
CRAWFAR,AR
CRITTAR,AR
DALLAAR,AR
DREWAR,AR
DUMASAR,AR
FRANKAR,AR
FULTOAR,AR
GARLAAR,AR
GRANTAR,AR
GREENAR,AR
HEMPSAR,AR
HOTSPAR,AR
HOWARAR,AR
INDPDAR,AR
JACKSAR,AR
JEFCOAR,AR
JOHNSAR,AR
LAFAYAR,AR
LAWREAR,AR
LEECOAR,AR
LINCOAR,AR
LOGANAR,AR
MADISAR,AR
MARIOAR,AR
MISSIAR,AR
MONROAR,AR
MONTGAR,AR
NEVADAR,AR
NVSPCAR,AR
OUACHAR,AR
PERRYAR,AR
PIKECAR,AR
POINSAT,AR
POLKCAR,AR
POPECAR,AR
PRAIRAR,AR
PULASAR,AR
RANDOAR,AR
SALINAR,AR
SCOTTAR,AR
SEARCAR,AR
SEVIEAR,AR
SHARPAR,AR
SPRNGAR,AR
STONEAR,AR
UNIONAR,AR
USMEDAR,AR
USMWDAR,AR
WHITEAR,AR
AMADOCA,CA
ANAHMCA,CA
AZUSACA,CA
BGRDNCA,CA
BLDWNCA,CA
BLLPDCA,CA
BNAPKCA,CA
BOPHER,CA
BOPTAF,CA
BOPTRM,CA
BRBNKCA,CA
BREPDCA,CA
BUTTECA,CA
BVHLSCA,CA
BVRLYCA,CA
CACCCLA,CA
CACCSUS,CA
CACENCW,CA
CACFDEL,CA
CACFLAS,CA
CACFSHA,CA
CACHUCK,CA
CADCCEN,CA
CADCGLE,CA
CAINTEA,CA
CAINTRC,CA
CAINTWE,CA
CAINTWO,CA
CALAVCA,CA
CAMFVAC,CA
CAPITCH,CA
CARCMEN,CA
CASEUEL,CA
CASPAVE,CA
CASPCEN,CA
CASPCOR,CA
CASPFOL,CA
CASPHID,CA
CASPLAN,CA
CASPMUL,CA
CASPNOK,CA
CASPPEL,CA
CASPPLV,CA
CASPSAL,CA
CASPSNQ,CA
CASPVAL,CA
CASPWAS,CA
CATAFCC,CA
CATEHAC,CA
CAVICVA,CA
CAYANRC,CA
CNCSTCA,CA
COLUSCA,CA
CSTMSCA,CA
CULVRCA,CA
CVINACA,CA
CYPRSCA,CA
DESCACA,CA
DLNRTCA,CA
DWNEYCA,CA
ELDORCA,CA
FLRTNCA,CA
FNTNVCA,CA
FREMACA,CA
FRENECA,CA
FRESOCA,CA
GLNDRCA,CA
GRDGRCA,CA
GRDNACA,CA
HNTNGCA,CA
HRMSACA,CA
HTHRNCA,CA
HTPRKCA,CA
HUMBOCA,CA
INYOCCA,CA
IRVINCA,CA
IRWNDCA,CA
JJUSTCA,CA
KINGSCA,CA
LAGNACA,CA
LAKCOCA,CA
LDIPDCA,CA
LHBRACA,CA
LMNTECA,CA
LOMPCCA,CA
LONGBCA,CA
LOSCICA,CA
LPLMACA,CA
LSALACA,CA
LSGNDCA,CA
LVERNCA,CA
MADERCA,CA
MARIPCA,CA
MBELOCA,CA
MENDOCA,CA
MNHTNCA,CA
MNROVCA,CA
MODOJCA,CA
MOJUVCA,CA
MONOJCA,CA
NAPADCA,CA
NEVADCA,CA
NGLWDCA,CA
NORPACA,CA
NWPRTCA,CA
ORANGCA,CA
ORJUVCA,CA
ORNGECA,CA
PACIFCA,CA
PALOSCA,CA
PLACECA,CA
PLUMACA,CA
RCADACA,CA
RDNDOCA,CA
ROTMFCA,CA
SANBECA,CA
SANDYCA,CA
SBAJUCA,CA
SCJUVCA,CA
SFERNCA,CA
SFJUVCA,CA
SGABRCA,CA
SGATECA,CA
SGNHLCA,CA
SHASTCA,CA
SIERRCA,CA
SISKICA,CA
SLBCHCA,CA
SMNCACA,CA
SOLANCA,CA
SONNCCA,CA
SOWDFCA,CA
SPSDNCA,CA
STANICA,CA
SUTTECA,CA
SWKEYCA,CA
SWKLGCA,CA
SWKPHCA,CA
TEJUVCA,CA
TRINTCA,CA
TRRNCCA,CA
TULARCA,CA
TULJUCA,CA
TUSTNCA,CA
USMEDCA,CA
USMNDCA,CA
VRNONCA,CA
WCVNACA,CA
WHTTRCA,CA
WILEYCA,CA
WMNSTCA,CA
YOLOJCA,CA
YOUTHCA,CA
1CHINCO,CO
BACACCO,CO
CENTRCO,CO
CHEYNCO,CO
COLMYSC,CO
COMMECO,CO
COMVJDC,CO
CORIDGV,CO
CROOKCO,CO
CROWLCO,CO
CUSTECO,CO
DGH18CO,CO
GILLICO,CO
JACKSCO,CO
MESJUCO,CO
MVJUVCO,CO
PJSDFCO,CO
SEDGWCO,CO
WESTMCO,CO
BRGPTCT,CT
CTBKNCC,CT
CTCHECI,CT
CTENFCI,CT
CTGATCI,CT
CTMCDCI,CT
CTNEWCC,CT
CTNIACI,CT
CTRADCC,CT
CTWALRC,CT
CTWILCI,CT
DNBRYCT,CT
EHAVNCT,CT
FRFLDCT,CT
HRTFDCT,CT
MNCHSCT,CT
NRWLKCT,CT
NWHVNCT,CT
STMFDCT,CT
STRFDCT,CT
TRMBLCT,CT
WLNFDCT,CT
DEGANDH,DE
DEWOMCI,DE
DOVERDE,DE
KENTCDE,DE
USMDDE,DE
USMDC,DC
ALACHFL,FL
BOPTAL,FL
BRDFDFL,FL
CALHOFL,FL
COLUMFL,FL
CROCIFL,FL
DESOTFL,FL
DIXIEFL,FL
ESCAMFL,FL
FLAPPAC,FL
FLAVONC,FL
FLBWRCF,FL
FLCAAWC,FL
FLCALCI,FL
FLCENCI,FL
FLCFREC,FL
FLCHACI,FL
FLCOLCI,FL
FLDCTAL,FL
FLDCUNK,FL
FLDESCI,FL
FLEVRCI,FL
FLFLORC,FL
FLGCACI,FL
FLGLFCI,FL
FLGLRFL,FL
FLHAMCI,FL
FLHARCI,FL
FLHOMCI,FL
FLJACCI,FL
FLJEFCI,FL
FLLAKEC,FL
FLLCICF,FL
FLMADCI,FL
FLMARCI,FL
FLMAYOC,FL
FLNFRCI,FL
FLNRVCI,FL
FLOKECI,FL
FLPOLKC,FL
FLQUACI,FL
FLRMCCI,FL
FLSANCI,FL
FLSBYCF,FL
FLSFREC,FL
FLSUMTC,FL
FLTAYCI,FL
FLTOMOK,FL
FLUNICI,FL
FLWAACI,FL
FLZEPCI,FL
FRANKFL,FL
GDSDNFL,FL
GILCHFL,FL
GULFCFL,FL
HAMILFL,FL
HICORFL,FL
HIGHLFL,FL
HOLMSFL,FL
INDIAFL,FL
JACKSFL,FL
JEFFEFL,FL
LAFAYFL,FL
LAKCOFL,FL
LBRTYFL,FL
LEECOFL,FL
LEONCFL,FL
LEVYCFL,FL
MADISFL,FL
MARIOFL,FL
OKEECFL,FL
OKLSAFL,FL
OSCEOFL,FL
PASCOFL,FL
PUTMAFL,FL
SMNOLFL,FL
SROSAFL,FL
STJONFL,FL
STLUCFL,FL
SUMTEFL,FL
SUWANFL,FL
TAYLOFL,FL
UNIONFL,FL
USMMDFL,FL
VOLUSFL,FL
WALTNFL,FL
WASHIFL,FL
ACWTHGA,GA
APLNGGA,GA
ATCLKGA,GA
ATKNSGA,GA
BACONGA,GA
BANKSGA,GA
BAROWGA,GA
BARTOGA,GA
BERRNGA,GA
BIBBCGA,GA
BLDWNGA,GA
BLECKGA,GA
BNHILGA,GA
BOPATL,GA
BRANTGA,GA
BROKSGA,GA
BULOCGA,GA
BURKEGA,GA
BUTTSGA,GA
CALHOGA,GA
CAMDNGA,GA
CARROGA,GA
CATOOGA,GA
CHARLGA,GA
CHATAGA,GA
CHATOGA,GA
CHMBLGA,GA
CHTHMGA,GA
CLARKGA,GA
CLAYCGA,GA
CLNCHGA,GA
CLYTNGA,GA
CNDLRGA,GA
COFFEGA,GA
COLUMGA,GA
COOKCGA,GA
CRAWFGA,GA
CRISPGA,GA
CWETAGA,GA
DADECGA,GA
DAWSNGA,GA
DCATRGA,GA
DEKABGA,GA
DODGEGA,GA
DOOLYGA,GA
DORVLGA,GA
DOUGHGA,GA
DOUGLGA,GA
EARLYGA,GA
ECHLSGA,GA
EFINGGA,GA
ELBRTGA,GA
EMANLGA,GA
EVANSGA,GA
FANINGA,GA
FAYETGA,GA
FORESGA,GA
FORSYGA,GA
FRANKGA,GA
FULTNGA,GA
GAD&CSP,GA
GADCATL,GA
GILMRGA,GA
GLYNNGA,GA
GORDNGA,GA
GRADYGA,GA
GREENGA,GA
HABERGA,GA
HALLCGA,GA
HARTCGA,GA
HEARDGA,GA
HOUSTGA,GA
HRLSNGA,GA
JACKSGA,GA
JASPRGA,GA
JEFFEGA,GA
JFDVSGA,GA
JNKNSGA,GA
JOHNSGA,GA
JONESGA,GA
LAMARGA,GA
LAURNGA,GA
LBRTYGA,GA
LEECOGA,GA
LINCOGA,GA
LMPKNGA,GA
LONGCGA,GA
LWNDSGA,GA
MACONGA,GA
MADISGA,GA
MARIOGA,GA
MCDFFGA,GA
MERIWGA,GA
MILLRGA,GA
MONROGA,GA
MONTGGA,GA
MORGAGA,GA
MTCHLGA,GA
MURRYGA,GA
MUSCOGA,GA
NEWTOGA,GA
OCNEEGA,GA
OGLTHGA,GA
PEACHGA,GA
PIERCGA,GA
PIKECGA,GA
PIKNSGA,GA
POLKCGA,GA
PULASGA,GA
PUTNMGA,GA
RABUNGA,GA
RANDOGA,GA
RICHMGA,GA
ROCKDGA,GA
ROSWEGA,GA
SMNOLGA,GA
SMYRNGA,GA
SPALDGA,GA
STEWTGA,GA
STPHNGA,GA
SUMTRGA,GA
TATNLGA,GA
TAYLOGA,GA
TELFRGA,GA
TIFTCGA,GA
TOMASGA,GA
TOMBSGA,GA
TOWNSGA,GA
TROUPGA,GA
TRTLNGA,GA
TURNRGA,GA
TWIGSGA,GA
UNIONGA,GA
UPSONGA,GA
USMMDGA,GA
USMNDGA,GA
USMSDGA,GA
USMVEGA,GA
WALTNGA,GA
WARECGA,GA
WASHIGA,GA
WAYNEGA,GA
WHEELGA,GA
WHITEGA,GA
WILCXGA,GA
WILKSGA,GA
WLKSNGA,GA
USMSGU,GU
HIHACCC,HI
HIHAMSF,HI
HIKACCC,HI
HIMACCC,HI
HIOACCC,HI
HIWOCCC,HI
HLOHIHI,HI
HONOLHI,HI
HONPDHI,HI
KAUAIHI,HI
KNAHIHI,HI
MAULAHI,HI
MAUWAHI,HI
USMHI,HI
ADAMSID,ID
BLAINID,ID
BUTTEID,ID
CARIBID,ID
CASIAID,ID
CUSTEID,ID
FRANKID,ID
GEMCOID,ID
GOODCID,ID
IDACOID,ID
IDSPBOI,ID
LATAHID,ID
LEMCOID,ID
OWYHEID,ID
PAYETID,ID
TETONID,ID
USMID,ID
VALLEID,ID
WASHCID,ID
ADAMSIL,IL
ADDSNIL,IL
ARORAIL,IL
BLUPDIL,IL
BNSNVIL,IL
BOLNGIL,IL
BOONEIL,IL
BROWNIL,IL
BRWYNIL,IL
BUREAIL,IL
CALPDIL,IL
CARROIL,IL
CCCHIIL,IL
CHAMPIL,IL
CHSTRIL,IL
CICROIL,IL
CLARKIL,IL
CLINTIL,IL
COOKCIL,IL
CRBDLIL,IL
CRLSTIL,IL
CRPVLIL,IL
DANVIIL,IL
DEKABIL,IL
DOUGLIL,IL
EFINGIL,IL
FRANKIL,IL
FRVWHIL,IL
FULTNIL,IL
GLHTSIL,IL
GRNEEIL,IL
HANCOIL,IL
HENRYIL,IL
HFMNSIL,IL
HNVPKIL,IL
IDISCIL,IL
ILBIGCC,IL
ILCENCC,IL
ILDANVI,IL
ILDECAT,IL
ILDIXON,IL
ILDWIGC,IL
ILEMOLC,IL
ILGRAHC,IL
ILHILLC,IL
ILJACKS,IL
ILLAWRE,IL
ILLINCC,IL
ILLOGCC,IL
ILMENCC,IL
ILPONCC,IL
ILRIVEC,IL
ILROBIC,IL
ILSHAWC,IL
ILSHECC,IL
ILSTATC,IL
ILTAYOC,IL
ILVIENC,IL
ILWESTC,IL
ITSCAIL,IL
JACKSIL,IL
JODVSIL,IL
KENDLIL,IL
KNOXCIL,IL
LAKCOIL,IL
LASALIL,IL
LMBRDML,IL
LNCSHIL,IL
LYNWDIL,IL
MADISIL,IL
MARIOIL,IL
MCDNOIL,IL
MCHRYIL,IL
MCLEAIL,IL
MCNCOIL,IL
MDSONIL,IL
MLROSIL,IL
MONROIL,IL
MUNPDIL,IL
NILESIL,IL
NPRVLIL,IL
OFLLNIL,IL
ORLPKIL,IL
PALTNIL,IL
PIATTIL,IL
PORIAIL,IL
PUTNMIL,IL
RANDOIL,IL
RDLPDIL,IL
RLMDWIL,IL
SCHLSIL,IL
SCYLRIL,IL
SHLNDIL,IL
SKOKIIL,IL
SLGINIL,IL
STARKIL,IL
STCLAIL,IL
STPHNIL,IL
TNLPKIL,IL
USMNDIL,IL
USMSDIL,IL
VERMIIL,IL
VLAPKIL,IL
WARRNIL,IL
WASHIIL,IL
WCHSTIL,IL
WDRDGIL,IL
WHETNIL,IL
WHITEIL,IL
WHTSDIL,IL
WILLCIL,IL
WILLIIL,IL
ADAMSIN,IN
BARTHIN,IN
BLKFDIN,IN
BOONEIN,IN
CASSCIN,IN
CLARKIN,IN
DAVIEIN,IN
DEKALIN,IN
DELAWIN,IN
DUBCOIN,IN
ELKRTIN,IN
GIBSNIN,IN
GRANTIN,IN
GREENIN,IN
HAMILIN,IN
HANCOIN,IN
HENDRIN,IN
HENRYIN,IN
HOBRTIN,IN
HOWARIN,IN
HUNTNIN,IN
INCCPLA,IN
ININDUS,IN
INMIAMI,IN
INPENCF,IN
INPUTCI,IN
INREDIA,IN
INROCKV,IN
INWABAS,IN
INWESTV,IN
JACKSIN,IN
JASPEIN,IN
JAYCOIN,IN
JOHNSIN,IN
KNOXCIN,IN
KOSCOIN,IN
LAKECIN,IN
MADISIN,IN
MARTIIN,IN
MONROIN,IN
MORGAIN,IN
NEWTOIN,IN
NOBLEIN,IN
ORANGIN,IN
OWENCIN,IN
PIKCOIN,IN
PORTRIN,IN
POSEYIN,IN
RANDOIN,IN
SHELBIN,IN
SULLIIN,IN
TIPPEIN,IN
VANDEIN,IN
WARRIIN,IN
WELLSIN,IN
WHITLIN,IN
ADAMSIA,IA
ALAMKIA,IA
CARROIA,IA
CEGORIA,IA
CLAYJIA,IA
CLYTNIA,IA
DELAWIA,IA
DICKIIA,IA
DUBUQIA,IA
FAYETIA,IA
FESMOIA,IA
FLOYDIA,IA
FRANKIA,IA
GREENIA,IA
HAMILIA,IA
HANCOIA,IA
HARRJIA,IA
HENRYIA,IA
HOWARIA,IA
IACLARI,IA
IACMTPL,IA
IAMCOAK,IA
IARCNEW,IA
IASPANA,IA
IASPFTM,IA
IDACOIA,IA
IOWACIA,IA
JASPEIA,IA
JEFFEIA,IA
JOHNSIA,IA
JONESIA,IA
LEECOIA,IA
LOUISIA,IA
MARIOIA,IA
MILLSIA,IA
MONTGIA,IA
OSCEOIA,IA
PAGCOIA,IA
PCHNTIA,IA
PERRYIA,IA
PLYMOIA,IA
POWESIA,IA
PUBLIIA,IA
SHELBIA,IA
SPNCRIA,IA
TAMAJIA,IA
USMNDIA,IA
USMSDIA,IA
USMSXIA,IA
VANBUIA,IA
WARREIA,IA
WEBCOIA,IA
WNBGOIA,IA
WORTHIA,IA
BARBRKS,KS
BARTOKS,KS
CHEROKS,KS
CLARKKS,KS
CLOUDKS,KS
COFFYKS,KS
COWLYKS,KS
CRAWFKS,KS
DICKIKS,KS
DNOHNKS,KS
ELLISKS,KS
FRANKKS,KS
GEARYKS,KS
GRANTKS,KS
GRAYCKS,KS
GRELYKS,KS
HARVEKS,KS
HDGMNKS,KS
JACKSKS,KS
JOHNAKS,KS
JOHNSKS,KS
JOJUVKS,KS
KIOWAKS,KS
KSELLCF,KS
KSELPCF,KS
KSHUTCF,KS
KSLANSP,KS
KSNORCF,KS
KSTOPCC,KS
KSWINCF,KS
LEAVEKS,KS
LYONJKS,KS
MARIOKS,KS
MEADEKS,KS
MIAMIKS,KS
MONTJKS,KS
NEOSHKS,KS
NORTOKS,KS
PAWNEKS,KS
POTTAKS,KS
PRATTKS,KS
RILEYKS,KS
SALJUKS,KS
STEVEKS,KS
TREGOKS,KS
ULYSSKS,KS
USMKANS,KS
USMKS,KS
WYANDKS,KS
WYJUVKS,KS
ALLENKY,KY
BARREKY,KY
BLGHOLD,KY
BLLRDKY,KY
BOPBSY,KY
BOURBKY,KY
BOYLEKY,KY
BUTLEKY,KY
CALDWKY,KY
CALWYKY,KY
CARROKY,KY
FULTNKY,KY
GRANTKY,KY
GRAVSKY,KY
HARDIKY,KY
HARTCKY,KY
HENDEKY,KY
HPKNSKY,KY
JEFFEKY,KY
KYEKECC,KY
KYGRRCC,KY
KYROECC,KY
KYSTREF,KY
LARUEKY,KY
LINCOKY,KY
LOGANKY,KY
MARIOKY,KY
MASONKY,KY
MCCRAKY,KY
MCLVLKY,KY
MLNBGKY,KY
MONROKY,KY
SCOTTKY,KY
TODDCKY,KY
USMEDKY,KY
USMWDKY,KY
WOODFKY,KY
ACADILA,LA
ALPARLA,LA
ASNSNLA,LA
BOPPOM,LA
BSRCTLA,LA
CADDOLA,LA
CALDWLA,LA
CAMERLA,LA
CINC2LA,LA
CLAIBLA,LA
DESOTLA,LA
EVANGLA,LA
FRANKLA,LA
GRANTLA,LA
HMMNDLA,LA
IBERVLA,LA
JACKSLA,LA
JEFFDLA,LA
JEFFELA,LA
JOHNBLA,LA
KENNRLA,LA
LAAVOCC,LA
LAHUNCI,LA
LASALLA,LA
LFRCHLA,LA
LINCOLA,LA
MOREHLA,LA
MRGANLA,LA
OUACHLA,LA
RICHLLA,LA
RIVJVLA,LA
SABINLA,LA
SBADULA,LA
SBJUVLA,LA
SCHLSLA,LA
SHREVLA,LA
SLIDLLA,LA
STCHRLA,LA
STHELLA,LA
STJHNLA,LA
STJMSLA,LA
STLANLA,LA
STMRYLA,LA
TERRELA,LA
UNIONLA,LA
USMEDLA,LA
USMLALA,LA
WASHILA,LA
WCARRLA,LA
WEBSTLA,LA
WESMOLA,LA
MECCWIN,ME
MEDOCAU,ME
MESPTHO,ME
USMME,ME
AACSDMD,MD
ALLEGMD,MD
ANNEAMD,MD
ANPLSMD,MD
BALCEMD,MD
BALCOMD,MD
BALNWMD,MD
BALSWMD,MD
BALWMMD,MD
CALVEMD,MD
CARLNMD,MD
CECILMD,MD
CHARLMD,MD
HARFOMD,MD
KENTCMD,MD
MDBCBIC,MD
MDEASCI,MD
MDHAGCI,MD
MDJESCF,MD
MDMETRO,MD
MDPATCF,MD
MDRECDC,MD
MDROXCI,MD
MONTGMD,MD
PRINCMD,MD
QUEENMD,MD
SOMERMD,MD
TALBTMD,MD
BERKSMA,MA
BOSD3MA,MA
BOSPDMA,MA
BRAPDMA,MA
BRKLNMA,MA
CAMPDMA,MA
DEDPDMA,MA
DUKESMA,MA
FITPDMA,MA
HAMPSMA,MA
LANCAMA,MA
LAWPDMA,MA
LEOPDMA,MA
MABAYSC,MA
MACICED,MA
MACICON,MA
MACINOR,MA
MACISHI,MA
MACUFRA,MA
MANCCIG,MA
MAOLCOL,MA
MAPONDC,MA
MASECOC,MA
MASMIDX,MA
MASOBAR,MA
MASTATP,MA
MIDCAMA,MA
NATTLMA,MA
USMBOMA,MA
WLTHMMA,MA
WORSTMA,MA
ALGERMI,MI
ALLEGMI,MI
ALNPKMI,MI
ALPENMI,MI
ALYOUMI,MI
ANTRMMI,MI
BARRYMI,MI
BAYCOMI,MI
BENZIMI,MI
BERRIMI,MI
BETGRMI,MI
CANTNMI,MI
CARCTMI,MI
CARTFMI,MI
CASSOMI,MI
CEGLEMI,MI
CLINTMI,MI
CVOIXMI,MI
DBHTSMI,MI
DEHOSMI,MI
DICKIMI,MI
DPD01MI,MI
DPD02MI,MI
DPD11MI,MI
DPD12MI,MI
EATONMI,MI
EMMETMI,MI
FRMHLMI,MI
GENECMI,MI
GOGBCMI,MI
GPFPDMI,MI
GRATRMI,MI
GRCORMI,MI
HAMCKMI,MI
HILLSMI,MI
HOLPDMI,MI
HOUGHMI,MI
HUROCMI,MI
INGHAMI,MI
IOSCOMI,MI
IRONCMI,MI
JACKSMI,MI
KEWEEMI,MI
LAKECMI,MI
LEELAMI,MI
LENAWMI,MI
MACKNMI,MI
MACREMI,MI
MANISMI,MI
MARQUMI,MI
MASONMI,MI
MECOSMI,MI
MENOMMI,MI
MICMICF,MI
MIEGLCF,MI
MIGUSHA,MI
MIHANTR,MI
MIIONTE,MI
MIKINRO,MI
MIMUSKC,MI
MINEWCF,MI
MIOAKMX,MI
MIREFIO,MI
MIRIVEC,MI
MISAGRE,MI
MISSAMI,MI
MITHURE,MI
MIWDCCF,MI
MIWHVCF,MI
MIWSHCF,MI
MONTCMI,MI
NEWAYMI,MI
NVIPDMI,MI
OAKLAMI,MI
OCEANMI,MI
OSCEOMI,MI
PONTIMI,MI
REDFDMI,MI
RMLUSMI,MI
ROSCOMI,MI
ROSPDMI,MI
SAGINMI,MI
SHIAWMI,MI
TUSCOMI,MI
USMEDMI,MI
USMGRMI,MI
WAYOUMI,MI
WEXFOMI,MI
ANKWHMN,MN
ANOKAMN,MN
BECKRMN,MN
BELTRMN,MN
BLOOMMN,MN
BLUEEMN,MN
BRKLNMN,MN
BROWNMN,MN
CHIPPMN,MN
CHISAMN,MN
COOKCMN,MN
COTTOMN,MN
DAKOTMN,MN
ECRJVMN,MN
FILMOMN,MN
FRBLTMN,MN
HCMEDMN,MN
HEJUVMN,MN
HEWORMN,MN
HOUSTMN,MN
HUBBAMN,MN
ISANTMN,MN
ITASCMN,MN
JACKSMN,MN
KANBCMN,MN
KITTSMN,MN
LESUEMN,MN
LQPARMN,MN
MAHNOMN,MN
MARTIMN,MN
MCLEOMN,MN
MEEKRMN,MN
MILCSMN,MN
MNCFARI,MN
MNCFLIN,MN
MNCFMOO,MN
MNCFSHA,MN
MNCFSTC,MN
MNMCFRW,MN
MORRIMN,MN
MOWERMN,MN
NICLTMN,MN
OTTERMN,MN
PINECMN,MN
PPSTNMN,MN
RAWHSMN,MN
REDWOMN,MN
RENVIMN,MN
SIBLEMN,MN
STEELMN,MN
STERNMN,MN
STLOUMN,MN
STRNSMN,MN
SWIFTMN,MN
TODDCMN,MN
TRVRSMN,MN
USMMN,MN
WABASMN,MN
WASECMN,MN
WILKNMN,MN
WNONAMN,MN
WTNWNMN,MN
YLWMDMN,MN
ATALAMS,MS
BOLIVMS,MS
CHICKMS,MS
CHOCTMS,MS
CLAYCMS,MS
COPIAMS,MS
DESOTMS,MS
FORSTMS,MS
GEORGMS,MS
GREENMS,MS
GRENAMS,MS
HARRIMS,MS
HINDSMS,MS
HUMPHMS,MS
ISSAQMS,MS
JACKSMS,MS
JASPRMS,MS
JONESMS,MS
LAFAYMS,MS
LAMARMS,MS
LAUDEMS,MS
LAWREMS,MS
LEFLOMS,MS
LOWNDMS,MS
MSCENCF,MS
MSGGRCF,MS
MSLEAKE,MS
MSMWRCF,MS
MSSOUCC,MS
MSSTPEN,MS
NESHOMS,MS
NEWTOMS,MS
OCEANMS,MS
OKITIMS,MS
PASCAMS,MS
PEARLMS,MS
PICAYMS,MS
PIKCOMS,MS
PONTOMS,MS
RANKIMS,MS
SCOTTMS,MS
SMITHMS,MS
STRKVMS,MS
SUNFLMS,MS
TATECMS,MS
USMNDMS,MS
WARREMS,MS
WASHIMS,MS
WAYNEMS,MS
WILKEMS,MS
WILKIMS,MS
ARORAMO,MO
BARRYMO,MO
BARTNMO,MO
BERKEMO,MO
BLLWNMO,MO
BLUSPMO,MO
BOONEMO,MO
BRGTNMO,MO
BRNSNMO,MO
BRNWDMO,MO
BUCHAMO,MO
CAMDNMO,MO
CARROMO,MO
CASSCMO,MO
CEDARMO,MO
CHSTRMO,MO
CLAJUMO,MO
CLINTMO,MO
CPGIRMO,MO
CPGPDMO,MO
CRLJCMO,MO
CRTHGMO,MO
CRVCRMO,MO
DADECMO,MO
DPDPSMO,MO
DUNKLMO,MO
FLRSNMO,MO
FRANCMO,MO
GRNPDMO,MO
GRNWDMO,MO
GRUNDMO,MO
HOWLLMO,MO
HZLWDMO,MO
INDPNMO,MO
JACKSMO,MO
JASPEMO,MO
JOHNSMO,MO
JOPLIMO,MO
KSCTYMO,MO
LACLEMO,MO
LADUEMO,MO
LAFEYMO,MO
LAWREMO,MO
LESMTMO,MO
LSMITMO,MO
MADISMO,MO
MANCHMO,MO
MARIOMO,MO
MCDONMO,MO
MILLRMO,MO
MINERMO,MO
MOALGCC,MO
MOBOOCC,MO
MOCENCC,MO
MOERDCC,MO
MOFARCC,MO
MOFULDC,MO
MOMOBCC,MO
MONOECC,MO
MOSOCCC,MO
MOSOECC,MO
MOSPJEF,MO
MOWESCF,MO
MOWREDI,MO
MPLWDMO,MO
MRYHTMO,MO
NEWTOMO,MO
NMADRMO,MO
NODAWMO,MO
NVADAMO,MO
OLVTTMO,MO
OSGBHMO,MO
OVRLNMO,MO
OZARKMO,MO
PERRYMO,MO
PETISMO,MO
PHELPMO,MO
PULASMO,MO
RANDOMO,MO
RCHHTMO,MO
SALINMO,MO
SHRWBMO,MO
SPRNGMO,MO
STANNMO,MO
STCHAMO,MO
STGENMO,MO
STJHNMO,MO
STLJCMO,MO
STLOUMO,MO
STPTRMO,MO
STROBMO,MO
SULLIMO,MO
SUNSTMO,MO
TANEYMO,MO
TEXASMO,MO
TO&COMO,MO
UNVRSMO,MO
USMEDMO,MO
USMJCMO,MO
USMSPMO,MO
USMWDMO,MO
VRNONMO,MO
WBSGRMO,MO
WBSTRMO,MO
WEBCTMO,MO
WRRNSMO,MO
MTSPRIS,MT
RICHLMT,MT
USMMT,MT
ADAMSNE,NE
ANTLPNE,NE
BOONENE,NE
BUFFANE,NE
BUTLENE,NE
CHASENE,NE
CLAYCNE,NE
CUSTENE,NE
DIXONNE,NE
DOJUVNE,NE
FILMONE,NE
FURNANE,NE
GAGCONE,NE
GARDENE,NE
HAMILNE,NE
HOLTCNE,NE
KEARNNE,NE
KNOXCNE,NE
MERICNE,NE
NEDOCLI,NE
NMAHANE,NE
OMAPDNE,NE
RDWILNE,NE
SAUNDNE,NE
SEWARNE,NE
USMLNNE,NE
USMOMNE,NE
VALCONE,NE
YORCONE,NE
CARSNNV,NV
CHRCHNV,NV
CLARKNV,NV
CLKTKNV,NV
DOUGLNV,NV
ELKOCNV,NV
ESMERNV,NV
HUMBONV,NV
LANDRNV,NV
LINCONV,NV
LSVGSNV,NV
LVMPDNV,NV
LYONCNV,NV
MSQTENV,NV
NLVPDNV,NV
NVELYSP,NV
NVHIDES,NV
NVLOVCC,NV
NVPARPB,NV
NVSDVNV,NV
NVSODES,NV
NVSOUCC,NV
NVSOWOM,NV
NVWOMCC,NV
NYEBTNV,NV
NYECONV,NV
PERSHNV,NV
STORYNV,NV
USMREN,NV
WHTPNNV,NV
NHSPGOF,NH
ATLANNJ,NJ
BURLINJ,NJ
CAPEMNJ,NJ
CUMBENJ,NJ
HUNTRNJ,NJ
MERCENJ,NJ
NEWRKNJ,NJ
NJADUTC,NJ
NJAWYCF,NJ
NJDCCRA,NJ
NJEMWOM,NJ
NJGSREC,NJ
NJMIDSP,NJ
NJMTYCF,NJ
NJNORSP,NJ
NJSOUCF,NJ
NJSPLEE,NJ
NJSPRAH,NJ
NJSPRIV,NJ
NJSPSWD,NJ
NJSPTRE,NJ
OCEANNJ,NJ
PANEWNJ,NJ
SOMERNJ,NJ
UNIONNJ,NJ
USMNJ,NJ
WARRENJ,NJ
COLFANM,NM
EUNICNM,NM
HOBBSNM,NM
JALCJNM,NM
LEACFNM,NM
LINCONM,NM
LOSALNM,NM
METRONM,NM
NMCENCF,NM
NMCNMCF,NM
NMGRANT,NM
NMGUADA,NM
NMLASCR,NM
NMLEACF,NM
NMROSWL,NM
NMSFPEN,NM
NMWOMCF,NM
QUACONM,NM
RIOARNM,NM
ROOSENM,NM
SIERRNM,NM
TAOSCNM,NM
USMLCNM,NM
USMNM,NM
USMRSNM,NM
VALENNM,NM
AMHERNY,NY
BRKCFNY,NY
BRKHONY,NY
BRKLYNY,NY
BRONXNY,NY
BRXHONY,NY
BUFCJNY,NY
CLRKSNY,NY
CNYPCNY,NY
DUTCHNY,NY
HAMILNY,NY
HVRSTNY,NY
MADETNY,NY
MNHTNNY,NY
NYALBNC,NY
NYALTOC,NY
NYATTIC,NY
NYAUBUC,NY
NYBAREC,NY
NYBAYVW,NY
NYBEDFC,NY
NYCAPEC,NY
NYCAYUC,NY
NYCOLLC,NY
NYCOXSC,NY
NYCPDNY,NY
NYDCUNK,NY
NYDOWNC,NY
NYEASTC,NY
NYELMIC,NY
NYFIVEP,NY
NYFRANC,NY
NYGHAVC,NY
NYGOUVC,NY
NYGOWAC,NY
NYGREAC,NY
NYGRENC,NY
NYGROVC,NY
NYHALEC,NY
NYHUDSC,NY
NYLAKEC,NY
NYLIVIC,NY
NYMARCC,NY
NYMCGRC,NY
NYMDSTC,NY
NYMIDOC,NY
NYOTISC,NY
NYQUEEC,NY
NYRIVEC,NY
NYROCHC,NY
NYSHAWC,NY
NYSINGC,NY
NYSPOMO,NY
NYSULLC,NY
NYTACOC,NY
NYUPSTA,NY
NYWASHC,NY
NYWATEC,NY
NYWILLC,NY
NYWOODC,NY
NYWYOMC,NY
PUTNANY,NY
QUEENNY,NY
RAMPONY,NY
RCHMDNY,NY
ROCKLNY,NY
SARATNY,NY
SFFRNNY,NY
SPVLYNY,NY
SULLINY,NY
USMEDNY,NY
USMNDNY,NY
USMNYNS,NY
USMNYWB,NY
USMNYWR,NY
USMSDNY,NY
WARRENY,NY
WESTCNY,NY
ALBERNC,NC
ALEXNNC,NC
ALLEGNC,NC
ANSONNC,NC
AVERYNC,NC
BEAUFNC,NC
BERTINC,NC
BLADENC,NC
BOPRIV,NC
BRUNSNC,NC
BUNCONC,NC
BURKENC,NC
CALDWNC,NC
CASWENC,NC
CATWBNC,NC
CHATHNC,NC
CHERONC,NC
CLACONC,NC
CLEVENC,NC
COLUMNC,NC
CRAVNNC,NC
CRRTKNC,NC
CRTRTNC,NC
CUMBENC,NC
DARCONC,NC
DAVIENC,NC
DUPLNNC,NC
DURHMNC,NC
DVDSNNC,NC
EDGECNC,NC
GREENNC,NC
GRNVLNC,NC
GULFDNC,NC
HALFXNC,NC
HAYWDNC,NC
HOKECNC,NC
HRTFDNC,NC
HRTNTNC,NC
IRDLLNC,NC
JACKSNC,NC
JONESNC,NC
LEECONC,NC
LINCONC,NC
LNOIRNC,NC
MACONNC,NC
MADISNC,NC
MARTINC,NC
MCDWLNC,NC
MONTGNC,NC
MOORENC,NC
MTCHLNC,NC
NASHCNC,NC
NCCRAVN,NC
NCNUESE,NC
ONSLONC,NC
ORANGNC,NC
PAMLINC,NC
PERSNNC,NC
PITTCNC,NC
POLKCNC,NC
RANDONC,NC
RICHMNC,NC
ROBESNC,NC
ROCKINC,NC
ROWANNC,NC
RUTHENC,NC
SAMPSNC,NC
SCOTLNC,NC
STNLYNC,NC
STOKSNC,NC
SURRYNC,NC
SWAINNC,NC
TRANSNC,NC
TYRELNC,NC
UNIONNC,NC
USMEDNC,NC
USMWDNC,NC
VANCENC,NC
WAKJVNC,NC
WARRENC,NC
WASHINC,NC
WATAUNC,NC
WAYNENC,NC
WILKSNC,NC
WILSONC,NC
YADKNNC,NC
YANCYNC,NC
BARNSND,ND
MERCEND,ND
MORTOND,ND
NDDWCRC,ND
NDSPBIS,ND
RICHLND,ND
SWMULND,ND
USMND,ND
WILMSND,ND
ADAMSOH,OH
ALLENOH,OH
ASHLAOH,OH
ATHENOH,OH
AUGLAOH,OH
BELMOOH,OH
BRECKOH,OH
BRKHTOH,OH
BROWNOH,OH
CARROOH,OH
CHAMPOH,OH
CHJCFOH,OH
CLARKOH,OH
CLERMOH,OH
CLEVEOH,OH
CLINTOH,OH
CLMBSOH,OH
CLVHTOH,OH
COLUMOH,OH
CRAWFOH,OH
CUYAHOH,OH
DARKEOH,OH
DAYBROH,OH
DEFIAOH,OH
DELAWOH,OH
ERICOOH,OH
ESTLKOH,OH
EUCLIOH,OH
FAIRFOH,OH
FAYETOH,OH
FRANKOH,OH
GREENOH,OH
GUERNOH,OH
HAMILOH,OH
HANCOOH,OH
HURONOH,OH
JEFFEOH,OH
LAKCOOH,OH
LAKEWOH,OH
LAWRAOH,OH
LERIEOH,OH
LICKIOH,OH
LORAJOH,OH
LUCASOH,OH
LYNDHOH,OH
MARIJOH,OH
MDLHTOH,OH
MEIGSOH,OH
MENTOOH,OH
MERCEOH,OH
MIAMIOH,OH
MONROOH,OH
MONTGOH,OH
MUSKIOH,OH
NEOCFOH,OH
OHALLEN,OH
OHBELMC,OH
OHCHILI,OH
OHDAYCI,OH
OHGRAFC,OH
OHHOCKC,OH
OHLEBAC,OH
OHLKERI,OH
OHLONDC,OH
OHLORAC,OH
OHMADIC,OH
OHMANSC,OH
OHMARIC,OH
OHMDCEN,OH
OHNCENT,OH
OHNEPRE,OH
OHNOBLE,OH
OHNORWE,OH
OHORIEN,OH
OHPICKC,OH
OHRECEP,OH
OHREWOM,OH
OHRICHL,OH
OHSELAN,OH
OHSTHRN,OH
OTTAWOH,OH
PARMAOH,OH
PAULDOH,OH
PORTJOH,OH
PRMHTOH,OH
PUTNAOH,OH
RICHLOH,OH
RKYRVOH,OH
ROSSJOH,OH
SANDJOH,OH
SCIOTOH,OH
SEORJOH,OH
SHELBOH,OH
STRONOH,OH
SUCLDOH,OH
SUMITOH,OH
TRICOOH,OH
USMCLEV,OH
WARREOH,OH
WARRNOH,OH
WASHIOH,OH
WILLIOH,OH
WOODCOH,OH
WSTLKOH,OH
WYANDOH,OH
ZANESOH,OH
ADAIROK,OK
ATOKAOK,OK
BEAVROK,OK
BECKHOK,OK
BLACKOK,OK
BOPFTC,OK
BRYANOK,OK
CADDOOK,OK
CIMAROK,OK
CLEVEOK,OK
COMANOK,OK
COTTOOK,OK
CRAIGOK,OK
CREEKOK,OK
CUSTEOK,OK
DELAWOK,OK
DEWEYOK,OK
EDMNDOK,OK
ELLISOK,OK
GARFIOK,OK
GRADYOK,OK
HARPEOK,OK
HASKLOK,OK
IDABEOK,OK
JACKSOK,OK
KAYCOOK,OK
KINGFOK,OK
LATMROK,OK
LAWCFOK,OK
LAWTNOK,OK
LEFLOOK,OK
LOGANOK,OK
LOVEOK,OK
MAYESOK,OK
MCCLAOK,OK
MCCUROK,OK
MRSHLOK,OK
MUSKOOK,OK
NOBLEOK,OK
NORFOOK,OK
OKALFOC,OK
OKCITOK,OK
OKCONNR,OK
OKCRABC,OK
OKDAVIS,OK
OKDUNNC,OK
OKHARPC,OK
OKJBRAC,OK
OKLACCC,OK
OKLEXAR,OK
OKLILLC,OK
OKMBASS,OK
OKMCLEC,OK
OKNEVIN,OK
OKOKCCC,OK
OKOUACH,OK
OKSTREF,OK
OKTUCTC,OK
OKWARRC,OK
OKWKEYC,OK
OSAGEOK,OK
OTTAWOK,OK
PAYNEOK,OK
PITTSOK,OK
PONCAOK,OK
POTCOOK,OK
ROGEROK,OK
SEQUOOK,OK
SMNOLOK,OK
STPHNOK,OK
TEXASOK,OK
TILMNOK,OK
USMEDOK,OK
USMNDOK,OK
USMSPOK,OK
USMWDOK,OK
WAGNROK,OK
WASHIOK,OK
WDWRDOK,OK
WOODSOK,OK
WOODWOK,OK
BAKECOR,OR
BENTOOR,OR
CLACKOR,OR
CROOKOR,OR
CURRYOR,OR
HARNYOR,OR
JEFFCOR,OR
LAKECOR,OR
LINCCOR,OR
MAJUVOR,OR
MLTJVOR,OR
ORCOFFE,OR
ORCRICI,OR
ORDERCF,OR
OREASCI,OR
ORHIYOU,OR
ORMCYOU,OR
ORMILCF,OR
OROFICS,OR
ORPORCF,OR
ORSALCI,OR
ORSANCI,OR
ORSOFFC,OR
ORSPSAL,OR
ORSPSLM,OR
ORSPSNA,OR
ORTWRCI,OR
ORWCRCF,OR
POLKCOR,OR
ROSPROR,OR
SEASDOR,OR
UNIONOR,OR
WASCOOR,OR
WASHCOR,OR
BLAIRPA,PA
BOPALW,PA
BOPMVC,PA
BOPPHL,PA
BRDFDPA,PA
CUMBEPA,PA
FAYETPA,PA
FRANKPA,PA
HUNTIPA,PA
JEFFEPA,PA
LANCAPA,PA
LEBANPA,PA
LUZERPA,PA
LYCOMPA,PA
MIFLNPA,PA
MONROPA,PA
NORHAPA,PA
NUMBRPA,PA
PAALBIO,PA
PACAMBR,PA
PACAMPC,PA
PACOALT,PA
PACRESC,PA
PADALLC,PA
PAFAYET,PA
PAFORST,PA
PAFRACC,PA
PAFROMC,PA
PAGRATC,PA
PAGREEC,PA
PAGREEN,PA
PAHOUTZ,PA
PAHUNTC,PA
PALAURE,PA
PAMAHAN,PA
PAMUNCC,PA
PAPINGR,PA
PAPITTC,PA
PARETRC,PA
PAROCKC,PA
PASOMER,PA
PAWAYMC,PA
PERRYPA,PA
PHI#1PA,PA
PHI#9PA,PA
PHI15PA,PA
PHI18PA,PA
PHI23PA,PA
PHI25PA,PA
PHI35PA,PA
PHIDEPA,PA
POTTRPA,PA
RIVERPA,PA
SCHUYPA,PA
SUSQUPA,PA
TIOGAPA,PA
UNIONPA,PA
USMEDPA,PA
USMHBPA,PA
USMMDPA,PA
USMWDPA,PA
WAYNEPA,PA
WYOMIPA,PA
HOGARPR,PR
PRBAYAM,PR
PRGUAYA,PR
PRGUERR,PR
PRPONCE,PR
PRSABAN,PR
PRZARZA,PR
USMSDPR,PR
PROPDRI,RI
ABBEVSC,SC
AIKENSC,SC
ALLENSC,SC
ANDERSC,SC
ANDRSSC,SC
BARNWSC,SC
BEAUFSC,SC
BERKESC,SC
BOPBEN,SC
BOPWIL,SC
CHEROSC,SC
CHESTSC,SC
CHFLDSC,SC
CLARESC,SC
COLLESC,SC
DARLISC,SC
DILLNSC,SC
DORCHSC,SC
DRCHSSC,SC
EDGEFSC,SC
FAIRFSC,SC
FLORESC,SC
GEORGSC,SC
GREENSC,SC
GRNWDSC,SC
HAMPTSC,SC
HORRYSC,SC
JASPRSC,SC
KERSHSC,SC
LANCASC,SC
LAURNSC,SC
MARIOSC,SC
MARLBSC,SC
NEWBESC,SC
OCONESC,SC
ORCALSC,SC
PICKNSC,SC
RCKHLSC,SC
RICHLSC,SC
SALUDSC,SC
SCDOCOR,SC
SPARTSC,SC
SULEESC,SC
UNIONSC,SC
USMCLM,SC
USMFDSC,SC
USMGDSC,SC
WILBGSC,SC
BOPYAN,SD
FALRVSD,SD
GRANTSD,SD
MRSHLSD,SD
SDSPRIN,SD
SDSPSID,SD
USMSD,SD
USMSDRC,SD
ALSTATN,TN
ANDERTN,TN
BEDFOTN,TN
BRDLYTN,TN
BRTLTTN,TN
CAMPBTN,TN
CANONTN,TN
CARROTN,TN
CARTETN,TN
CHTHMTN,TN
CLAIBTN,TN
CLAYCTN,TN
CLRVLTN,TN
COCKETN,TN
COFFETN,TN
CROCKTN,TN
CUMBETN,TN
DCATRTN,TN
DEKABTN,TN
DICKSTN,TN
FNTRSTN,TN
FRANKTN,TN
GIBSNTN,TN
GILESTN,TN
GREENTN,TN
GRMTNTN,TN
GRNGRTN,TN
HAMBLTN,TN
HARCCTN,TN
HAWKITN,TN
HCKMNTN,TN
HENDETN,TN
HMBLNTN,TN
HOUSTTN,TN
JACKSTN,TN
JEFFETN,TN
JOHNSTN,TN
KNGSPTN,TN
KNOCSTN,TN
KNOPDTN,TN
KNOXCTN,TN
LAUDETN,TN
LAWRETN,TN
LEWISTN,TN
LINCOTN,TN
LOUDOTN,TN
MACONTN,TN
MADISTN,TN
MARIOTN,TN
MAURYTN,TN
MCMINTN,TN
MCNAITN,TN
MMPHSTN,TN
MONROTN,TN
MONTGTN,TN
MOORETN,TN
MORGATN,TN
MRSHLTN,TN
OVRTNTN,TN
PARKETN,TN
PERRYTN,TN
POLKCTN,TN
PUTNMTN,TN
RHEACTN,TN
ROANETN,TN
SCOTTTN,TN
SEQUATN,TN
SEVIETN,TN
SMITHTN,TN
SULLITN,TN
SUMNRTN,TN
TIPTOTN,TN
TNDEBSN,TN
TNDOCSM,TN
TNMORGN,TN
TNMTCC1,TN
TNNOWCC,TN
TNPRIWO,TN
TNRIVMX,TN
TNSEREG,TN
TNSOCCF,TN
TNTURNP,TN
TNWTNSP,TN
TRSDLTN,TN
UNICOTN,TN
UNIONTN,TN
USMEDTN,TN
USMMDTN,TN
USMS2TN,TN
WARRETN,TN
WASCOTN,TN
WAYNETN,TN
WHITETN,TN
WILSOTN,TN
ABRXSTX,TX
ADDSNTX,TX
ALLENTX,TX
ALVINTX,TX
ANDRSTX,TX
ANGLETX,TX
ARANSTX,TX
ARCHETX,TX
ARCOLTX,TX
ARLNGTX,TX
ARMLOTX,TX
ARMSTTX,TX
ATAJUTX,TX
AUSTNTX,TX
BAILTTX,TX
BALCHTX,TX
BANDETX,TX
BATWNTX,TX
BEAMTTX,TX
BEECOTX,TX
BELLATX,TX
BELLVTX,TX
BNBRKTX,TX
BOPEDN,TX
BOPHOU,TX
BOPLAT,TX
BOPREE,TX
BOPWLC,TX
BRLSNTX,TX
BROWNTX,TX
BRYANTX,TX
BURLETX,TX
BZRIATX,TX
CALHNTX,TX
CAMPCTX,TX
CARSNTX,TX
CASSCTX,TX
CC1JVTX,TX
CCFJVTX,TX
CCHRSTX,TX
CDRHLTX,TX
CENTRTX,TX
CHAMBTX,TX
CHEROTX,TX
CHILDTX,TX
CLAYCTX,TX
CLEVETX,TX
CLUTETX,TX
CMMRCTX,TX
CMRONTX,TX
COCHRTX,TX
COLCOTX,TX
COLINTX,TX
COLLNTX,TX
COLMNTX,TX
COLNYTX,TX
COMANTX,TX
CONCHTX,TX
CONROTX,TX
CPPLLTX,TX
CRANETX,TX
CRCKTTX,TX
CRLTNTX,TX
CROCKTX,TX
CRPCHTX,TX
CRSBYTX,TX
CRWLYTX,TX
DALLMTX,TX
DAWSNTX,TX
DCATRTX,TX
DEFSMTX,TX
DELTATX,TX
DENTNTX,TX
DERPKTX,TX
DEWITTX,TX
DICKNTX,TX
DIMITTX,TX
DLWTHTX,TX
DNCNVTX,TX
DONLYTX,TX
DONNATX,TX
DUMASTX,TX
DUVALTX,TX
EASTLTX,TX
EDNAPTX,TX
EDWARTX,TX
ELCAMTX,TX
ELLISTX,TX
ERATHTX,TX
FALLSTX,TX
FANINTX,TX
FERISTX,TX
FISHRTX,TX
FLRMNTX,TX
FRANKTX,TX
FREEPTX,TX
FRMRSTX,TX
FRNDSTX,TX
FRONATX,TX
FRSCOTX,TX
FTWTHTX,TX
GAINSTX,TX
GALVETX,TX
GARZATX,TX
GLASSTX,TX
GLENATX,TX
GLENNTX,TX
GRAYCTX,TX
GRAYSTX,TX
GRLNDTX,TX
GRPRATX,TX
GRPVNTX,TX
GRVTNTX,TX
GUAJVTX,TX
GWESTTX,TX
HALECTX,TX
HALLCTX,TX
HALTMTX,TX
HANSFTX,TX
HARDITX,TX
HARISTX,TX
HARRITX,TX
HARSNTX,TX
HARTLTX,TX
HEDWGTX,TX
HERNETX,TX
HILLCTX,TX
HMPHLTX,TX
HNTSVTX,TX
HOODCTX,TX
HOUSETX,TX
HOUSTTX,TX
HOWRDTX,TX
HPDPSTX,TX
HPKNSTX,TX
HSKELTX,TX
HUMBLTX,TX
HUNTCTX,TX
HURSTTX,TX
HUSTNTX,TX
HUTCHTX,TX
IRVNGTX,TX
JACINTX,TX
JACKCTX,TX
JASPRTX,TX
JCKSNTX,TX
JERSYTX,TX
JHOGGTX,TX
JMWLSTX,TX
JONCOTX,TX
JUVCETX,TX
KATYPTX,TX
KEENETX,TX
KELLRTX,TX
KEMAHTX,TX
KFMANTX,TX
KILLETX,TX
KINGCTX,TX
KLEBGTX,TX
LAMARTX,TX
LAMBCTX,TX
LAMPATX,TX
LAPRTTX,TX
LAURITX,TX
LECPETX,TX
LEGUETX,TX
LEONCTX,TX
LEXINTX,TX
LIBCOTX,TX
LJOYATX,TX
LKJCKTX,TX
LKWTHTX,TX
LLANOTX,TX
LNGVWTX,TX
LPSCMTX,TX
LUMBRTX,TX
LVOAKTX,TX
LWSVLTX,TX
LYNNCTX,TX
MADISTX,TX
MARIOTX,TX
MASONTX,TX
MATAGTX,TX
MCCULTX,TX
MCMULTX,TX
MDLTHTX,TX
MILAMTX,TX
MILLSTX,TX
MISSNTX,TX
MNTGMTX,TX
MOCTYTX,TX
MONTATX,TX
MOORETX,TX
MORRITX,TX
MOTLYTX,TX
MSQTETX,TX
MTCHLTX,TX
NACOGTX,TX
NAVSOTX,TX
NOLANTX,TX
NRICHTX,TX
NSBAYTX,TX
OCHILTX,TX
OLDHMTX,TX
ORANGTX,TX
ORNGETX,TX
PALACTX,TX
PANOLTX,TX
PARKRTX,TX
PARMRTX,TX
PASADTX,TX
PCSCOTX,TX
PHARRTX,TX
PHNDLTX,TX
PLANOTX,TX
PNTGOTX,TX
POTTRTX,TX
PPNTOTX,TX
PRGRSTX,TX
PRLNDTX,TX
PRYTNTX,TX
RAINSTX,TX
RCHSNTX,TX
REAGNTX,TX
REALCTX,TX
REDRITX,TX
REFUGTX,TX
RICECTX,TX
RICHMTX,TX
ROBERTX,TX
ROBRTTX,TX
RSNBGTX,TX
RUSCOTX,TX
RVRKSTX,TX
RWLTTTX,TX
SANANTX,TX
SANAUTX,TX
SANSBTX,TX
SCHLETX,TX
SCTROTX,TX
SCURYTX,TX
SEBRKTX,TX
SGNAWTX,TX
SGRLNTX,TX
SHELBTX,TX
SHERMTX,TX
SLLVNTX,TX
SMITHTX,TX
SMRVLTX,TX
SNJACTX,TX
SNTFETX,TX
SOHOUTX,TX
SOMVLTX,TX
SPVLYTX,TX
STFRDTX,TX
STPHNTX,TX
SUTTOTX,TX
SWICHTX,TX
SWKBRTX,TX
SWKEPTX,TX
TEMPDTX,TX
TERELTX,TX
TERRYTX,TX
TFTPDTX,TX
TOMBLTX,TX
TRNTYTX,TX
TXBEEVI,TX
TXCOTUL,TX
TXDCMAR,TX
TXGOREE,TX
TXGRZAW,TX
TXGURNY,TX
TXHOLLI,TX
TXJBYRD,TX
TXLYCHN,TX
TXLYNAH,TX
TXMDDLE,TX
TXPLANE,TX
TXROSAF,TX
TXSJNEY,TX
TXSMITH,TX
TXTRVIS,TX
TYLERTX,TX
UPTONTX,TX
USMABTX,TX
USMALTX,TX
USMDLTX,TX
USMFWTX,TX
USMLBTX,TX
USMMDTX,TX
USMMSTX,TX
USMNDTX,TX
USMPCTX,TX
USMPLTX,TX
USMS1TX,TX
USMSDTX,TX
USMSHTX,TX
USMTXTX,TX
USMTYTX,TX
USMW2TX,TX
USMWFTX,TX
VZNDTTX,TX
WALLRTX,TX
WASHITX,TX
WBSTRTX,TX
WDVILTX,TX
WHEELTX,TX
WICHTTX,TX
WILACTX,TX
WISCOTX,TX
WOODCTX,TX
WSLACTX,TX
WSTWTTX,TX
WUVPLTX,TX
WYLIETX,TX
YOAKUTX,TX
YOKUMTX,TX
YOUNGTX,TX
BEAVRUT,UT
GARFIUT,UT
IRONCUT,UT
KANECUT,UT
MILLAUT,UT
SANPEUT,UT
SEVIEUT,UT
UTSPDRA,UT
ABIRJVA,VA
ACCMKVA,VA
ALLEGVA,VA
AMHERVA,VA
APMTXVA,VA
AUGCOVA,VA
BEDRJVA,VA
BOPLEE,VA
BRSTLVA,VA
BTTRTVA,VA
CHARLVA,VA
CHFLDVA,VA
CHRLTVA,VA
CHSPKVA,VA
CMPRJVA,VA
DANFMVA,VA
DANVIVA,VA
DUFRJVA,VA
ESREGVA,VA
FAUCOVA,VA
FRANKVA,VA
HENRYVA,VA
HLFRJVA,VA
HMPTNVA,VA
LYNRJVA,VA
MECKLVA,VA
MONTGVA,VA
MPRSCVA,VA
MRNRJVA,VA
MRREGVA,VA
MRTNVVA,VA
NPNWSVA,VA
NRVRJVA,VA
PCRJBVA,VA
PITTSVA,VA
PTRCKVA,VA
ROCKBVA,VA
SHAMPVA,VA
SWRJJVA,VA
TAZRJVA,VA
USMEDVA,VA
USMNOR,VA
USMRCM,VA
USMWDVA,VA
VAAMHER,VA
VABLAND,VA
VABTTRT,VA
VAINDIN,VA
VAPWHTN,VA
VARSTBG,VA
VASTBRD,VA
ASOTNWA,WA
AUBRNWA,WA
BUCCTWA,WA
CHECTWA,WA
COLUMWA,WA
DNYJVWA,WA
ENUMCWA,WA
FIFECWA,WA
GARFIWA,WA
GHSJVWA,WA
GRAPDWA,WA
GRAYSWA,WA
ISLANWA,WA
ISSAQWA,WA
JEFFEWA,WA
KENTCWA,WA
KIRKLWA,WA
KITSAWA,WA
KLICKWA,WA
LEWISWA,WA
LINCOWA,WA
LYNWOWA,WA
MARYSWA,WA
NSQLYWA,WA
OKHBRWA,WA
OLYMPWA,WA
PACIFWA,WA
PIERCWA,WA
PRSSRWA,WA
PYLLPWA,WA
SCOREWA,WA
SJUANWA,WA
SKAGIWA,WA
SKAMNWA,WA
SNOHOWA,WA
THRJVWA,WA
TPNSHWA,WA
USMYKWA,WA
WAAIRWA,WA
WACEDAR,WA
WACOYOT,WA
WALARCH,WA
WALLAWA,WA
WAMCMSU,WA
WAMCWSR,WA
WAMONRO,WA
WANSLYC,WA
WAPATWA,WA
WASHELT,WA
WASPCLA,WA
WASTAFF,WA
WATWINR,WA
WAWALLA,WA
WAWASCC,WA
WAWSCCW,WA
WHACOWA,WA
WHKKMWA,WA
YAKJVWA,WA
YKIMAWA,WA
BOPHAZ,WV
BOPMCD,WV
RALEIWV,WV
WVHUTTC,WV
WVIRGVA,WV
WVNCENT,WV
WVSOUTH,WV
WVSWEST,WV
WVTYGRT,WV
WVWESTR,WV
ADAMSWI,WI
APLTNWI,WI
ASHLAWI,WI
BARRNWI,WI
BUFCOWI,WI
CALMTWI,WI
CHIPPWI,WI
CLARKWI,WI
COLUMWI,WI
CRAWFWI,WI
DEMPCWI,WI
DOORCWI,WI
DUNNCWI,WI
EAUCLWI,WI
FNDDUWI,WI
GRANTWI,WI
GREENWI,WI
GRNLKWI,WI
IOWACWI,WI
IRONCWI,WI
JACKSWI,WI
JEFFEWI,WI
JUNAUWI,WI
KENOSW,WI
KWNEEWI,WI
LACRSWI,WI
LAFAYWI,WI
LINCOWI,WI
LNGLDWI,WI
MANITWI,WI
MILCOWI,WI
MILWAWI,WI
MONCOWI,WI
MRNTTWI,WI
MRTHNWI,WI
OCNTOWI,WI
ONEIDWI,WI
OUTAGWI,WI
PIERCWI,WI
POLKCWI,WI
PRTAGWI,WI
ROCCOWI,WI
RUSKCWI,WI
SAUKCWI,WI
SHEBOWI,WI
SHWNOWI,WI
TAYLOWI,WI
TREMPWI,WI
USMEWI,WI
USMWWI,WI
VILASWI,WI
VRNONWI,WI
WICOLUM,WI
WIFOXLK,WI
WIGRBAY,WI
WIJACKS,WI
WIKETMO,WI
WINLSBN,WI
WIOAKHL,WI
WIOSHKO,WI
WIPRAIR,WI
WIRACOR,WI
WIRDGRN,WI
WISECPF,WI
WISTNLY,WI
WITAYCH,WI
WIWAUPU,WI
WNBGOWI,WI
WOODCWI,WI
WPACAWI,WI
JOHNSWY,WY
NATJVWY,WY
SUBLTWY,WY
USMCHY,WY
USMCSP,WY
WESTNWY,WY
WYDCORR,WY
WYMEDCI,WY
YELLOWY,WY
FIPCMGA,GA
GLDSACA,CA
